Handle,Title,Body (HTML),Vendor,Type,Tags,Published,Option1 Name,Option1 Value,Option2 Name,Option2 Value,Option3 Name,Option3 Value,Variant SKU,Variant Grams,Variant Inventory Tracker,Variant Inventory Qty,Variant Inventory Policy,Variant Fulfillment Service,Variant Price,Variant Compare At Price,Variant Requires Shipping,Variant Taxable,Variant Barcode,Image Src,Image Position,Image Alt Text,Gift Card,SEO Title,SEO Description,Google Shopping / Google Product Category,Google Shopping / Gender,Google Shopping / Age Group,Google Shopping / MPN,Google Shopping / AdWords Grouping,Google Shopping / AdWords Labels,Google Shopping / Condition,Google Shopping / Custom Product,Google Shopping / Custom Label 0,Google Shopping / Custom Label 1,Google Shopping / Custom Label 2,Google Shopping / Custom Label 3,Google Shopping / Custom Label 4,Variant Image,Variant Weight Unit,Variant Tax Code,Cost per item
iron-maiden-legacy-of-the-beast-halo-face-print-silver-foil,Iron Maiden Legacy of the Beast Halo Face Print (Mirrored Foil),"<p>13x19” Iron Maiden Screaming Eddie Print on Mirrored foil.</p>
<p>The words “Legacy of the Beast” are written in Japanese across the top.</p>
<p>Only 100 made.  Signed by Llexi Leon.</p>",Heavy Metal,Poster,"Dcon 2018, Iron Maiden, onsale, Posters, Signed",true,Title,Default Title,,,,,Iron Maiden Print - Mirrored Foil,454,shopify,81,deny,bandwear-fulfillment,27.00,30.00,true,true,"",https://cdn.shopify.com/s/files/1/2358/6005/products/Eddie-Print-Silver.jpg?v=1543070320,1,,false,,,,,,,,,,,,,,,,,lb,,
iron-maiden-legacy-of-the-beast-halo-face-print-silver-foil,,,,,,,,,,,,,,,,,,,,,,,,https://cdn.shopify.com/s/files/1/2358/6005/products/IMG_4803.jpeg?v=1543070320,2,,,,,,,,,,,,,,,,,,,,,
iron-maiden-legacy-of-the-beast-halo-face-print,Iron Maiden Legacy of the Beast Halo Face Print (Rainbow Foil Variant),"<p>13x19” Iron Maiden Screaming Eddie Print on Rainbow foil.</p>
<p>The words “Legacy of the Beast” are written in Japanese across the top.</p>
<p>Only 50 made.  Signed by Llexi Leon.</p>",Heavy Metal,Poster,"Dcon 2018, Iron Maiden, New Item, onsale, Posters, Signed",true,Title,Default Title,,,,,Iron Maiden Print - Rainbow Foil,454,shopify,10,deny,bandwear-fulfillment,45.00,50.00,true,true,"",https://cdn.shopify.com/s/files/1/2358/6005/products/Eddie-Print-Rainbow.jpg?v=1543070373,1,,false,,,,,,,,,,,,,,,,,lb,,
iron-maiden-legacy-of-the-beast-halo-face-print,,,,,,,,,,,,,,,,,,,,,,,,https://cdn.shopify.com/s/files/1/2358/6005/products/IMG_4664.jpg?v=1543070373,2,,,,,,,,,,,,,,,,,,,,,
iron-maiden-legacy-of-the-beast-ii-2018-sdcc-signed-print,Iron Maiden Legacy of the Beast II 2018 SDCC Signed Print,"<p>This 2018 San Diego Comic-Con Exclusive print is drawn &amp; signed by artist Kevin West and limited to 100 units.  Print is 16x25"" and comes on deckled edge paper/</p>
<p><span style=""text-decoration: underline;""><strong><span style=""color: #ff0000; text-decoration: underline;"">***LIMITED TO 30 UNITS ONLINE***</span></strong></span></p>",Heavy Metal - No Sale,Poster,"Iron Maiden, onsale, Posters",true,Title,Default Title,,,,,MERCHANDISE:Iron Maiden 2 Print,907,shopify,16,deny,bandwear-fulfillment,59.94,66.60,true,true,"",https://cdn.shopify.com/s/files/1/2358/6005/products/received10156657123880942.png?v=1531679094,1,,false,,,,,,,,,,,,,,,,,lb,,
shm5385,MISSING TITLE,"",Heavy Metal,Poster,"onsale, Posters",false,Variant,Default Title,,,,,,0,shopify,0,deny,bandwear-fulfillment,360.00,400.00,true,true,,,,,false,,,,,,,,,,,,,,,,,lb,,
shm5585,Royo Poster #01 Provoking Eyes,"<p>Linen Paper19.75"" x 27.5""</p>",Heavy Metal,Poster,"onsale, Posters",false,Variant,Default Title,,,,,,0,shopify,0,deny,bandwear-fulfillment,12.59,13.99,true,true,,https://cdn.shopify.com/s/files/1/2358/6005/products/royo01.jpg?v=1505679957,1,Royo Poster #01 Provoking Eyes,false,,,,,,,,,,,,,,,,https://cdn.shopify.com/s/files/1/2358/6005/products/royo01.jpg?v=1505679957,lb,,
shm5555,Royo Poster #31 Urano\'s Drop,"27.5"" x 19.75"" on linen paper <p>A stunning addition to the Royo line up - entitled ""Urano's Drop""</p>",Heavy Metal,Poster,"onsale, Posters",false,Variant,Default Title,,,,,,0,shopify,0,deny,bandwear-fulfillment,12.59,13.99,true,true,,https://cdn.shopify.com/s/files/1/2358/6005/products/Royo_poster_31.jpg?v=1505679969,1,Royo Poster #31 Urano's Drop,false,,,,,,,,,,,,,,,,https://cdn.shopify.com/s/files/1/2358/6005/products/Royo_poster_31.jpg?v=1505679969,lb,,
shm5534,Royo poster - FAKK2 Julie,"Luis Royo promotional poster image - FAKK2 featuring Julie Strain<p>We just found a sash of these popular posters first released years ago!!</p><p>Luis Royo is amongst our most popular artists with dozens of Heavy Metal titles; check them all        Out !!<a href=""/shm/advanced_search_result.php?keywords=Royo&amp;x=0&amp;y=0"">A complete line up of Royo stuff </a></p>",Heavy Metal,Poster,"onsale, Posters",false,Variant,Default Title,,,,,,0,shopify,0,deny,bandwear-fulfillment,8.96,9.95,true,true,,https://cdn.shopify.com/s/files/1/2358/6005/products/roypofakk2poster.jpg?v=1505679955,1,Royo poster - FAKK2 Julie,false,,,,,,,,,,,,,,,,https://cdn.shopify.com/s/files/1/2358/6005/products/roypofakk2poster.jpg?v=1505679955,lb,,
shm5532,Royo Poster #36 The Orcs Cemetery,"Gorgeous new Royo print entitled ""The Orcs Cemetery""<p>linen print measuring 26.75"" x 19.5""</p>",Heavy Metal,Poster,"onsale, Posters",false,Variant,Default Title,,,,,,0,shopify,0,deny,bandwear-fulfillment,12.59,13.99,true,true,,https://cdn.shopify.com/s/files/1/2358/6005/products/Royoposter36.jpg?v=1505679973,1,Royo Poster #36 The Orcs Cemetery,false,,,,,,,,,,,,,,,,https://cdn.shopify.com/s/files/1/2358/6005/products/Royoposter36.jpg?v=1505679973,lb,,
shm5507,Bisley Poster Set,"A set of six sexy fun, colorful Simon Bisley posters.  All artwork for these was created in 2008 and 2009.  Each poster can be bought individually for $9.95 each but collect the entire set for just $35.95<p>Each poster is  18"" x 24"" on glossy stock and each is individually shrink wrapped and shipped rolled.</p><p>Shipping for the set is $7.00 ($11 outside the US)</p><p>Bought individually these posters would normally cost $68.70 including shipping - they can be yours now for just $42.95 !!</p>",Heavy Metal,Poster,"Bisley-Eastman Collection, onsale, Posters",false,Variant,Default Title,,,,,,0,shopify,0,deny,bandwear-fulfillment,32.36,35.95,true,true,,https://cdn.shopify.com/s/files/1/2358/6005/products/bizposters.gif?v=1505679751,1,Bisley Poster Set,false,,,,,,,,,,,,,,,,https://cdn.shopify.com/s/files/1/2358/6005/products/bizposters.gif?v=1505679751,lb,,
shm5377,Royo Poster #34 Touch of Ice,"A recent  Luis Royo poster, a gorgeous image entitled ""Touch of Ice""<p>19.75"" x 27.5"" on linen paper</p>",Heavy Metal,Poster,"onsale, Posters",false,Variant,Default Title,,,,,,0,shopify,0,deny,bandwear-fulfillment,12.59,13.99,true,true,,https://cdn.shopify.com/s/files/1/2358/6005/products/royoposter34.jpg?v=1505679973,1,Royo Poster #34 Touch of Ice,false,,,,,,,,,,,,,,,,https://cdn.shopify.com/s/files/1/2358/6005/products/royoposter34.jpg?v=1505679973,lb,,
shm5252,Sperlonga - Deed 24-744 (NMR),"Lorenzo Sperlonga poster - No Good Deed Goes Unpunished<p>24"" x 36""</p><p>NMR Poster shipping is $6.95 for the first poster and .50 per additional. Shipping is calculated automatically at checkout.</p>",Heavy Metal,Poster,"onsale, Posters",false,Variant,Default Title,,,,,,0,shopify,0,deny,bandwear-fulfillment,8.96,9.95,true,true,,https://cdn.shopify.com/s/files/1/2358/6005/products/nogooddeedgoesunpunishe.jpg?v=1505680008,1,Sperlonga - Deed 24-744 (NMR),false,,,,,,,,,,,,,,,,https://cdn.shopify.com/s/files/1/2358/6005/products/nogooddeedgoesunpunishe.jpg?v=1505680008,lb,,
shm5251,Sperlonga - Daughter\'s Revenge 24-743 (NMR),"Lorenzo Sperlonga poster<p>24"" x 36""</p><p>NMR Poster shipping is $6.95 for the first poster and .50 per additional. Shipping is calculated automatically at checkout.</p>",Heavy Metal,Poster,"onsale, Posters",false,Variant,Default Title,,,,,,0,shopify,0,deny,bandwear-fulfillment,8.96,9.95,true,true,,https://cdn.shopify.com/s/files/1/2358/6005/products/daughtersrevenge.jpg?v=1505680008,1,Sperlonga - Daughter's Revenge 24-743 (NMR),false,,,,,,,,,,,,,,,,https://cdn.shopify.com/s/files/1/2358/6005/products/daughtersrevenge.jpg?v=1505680008,lb,,
shm5250,Sperlonga - Tingle 24-657 (NMR),"Lorenzo Sperlonga poster - Tingle <p>24"" x 36""</p><p>NMR Poster shipping is $6.95 for the first poster and .50 per additional. Shipping is calculated automatically at checkout.</p>",Heavy Metal,Poster,"onsale, Posters",false,Variant,Default Title,,,,,,0,shopify,0,deny,bandwear-fulfillment,8.96,9.95,true,true,,https://cdn.shopify.com/s/files/1/2358/6005/products/Tingle.jpg?v=1505680009,1,Sperlonga - Tingle 24-657 (NMR),false,,,,,,,,,,,,,,,,https://cdn.shopify.com/s/files/1/2358/6005/products/Tingle.jpg?v=1505680009,lb,,
shm5240,Victoria Frances poster  #9 - Wounded Violin,"<b>Wounded Violin - the cover of Favole 3</b><p>A gorgeous image from the studio of Spanish artist Victoria Frances who cites her influences as Edgar Allan Poe, Anne Rice and H.P. Lovecraft as well as Luis Royo and Brom.</p><p>Linen Paper 19.75"" x 27.5""</p>",Heavy Metal,Poster,"onsale, Posters",false,Variant,Default Title,,,,,,0,shopify,0,deny,bandwear-fulfillment,12.59,13.99,true,true,,https://cdn.shopify.com/s/files/1/2358/6005/products/favole9.jpg?v=1505680051,1,Victoria Frances poster  #9 - Wounded Violin,false,,,,,,,,,,,,,,,,https://cdn.shopify.com/s/files/1/2358/6005/products/favole9.jpg?v=1505680051,lb,,
shm5239,Victoria Frances poster  #8 - Butterfly,"<b>Victoria Frances poster entitled BUTTERFLY</b><p>A gorgeous image from the studio of Spanish artist Victoria Frances who cites her influences as Edgar Allan Poe, Anne Rice and H.P. Lovecraft as well as Luis Royo and Brom.</p><p>Linen Paper 19.75"" x 27.5""</p>",Heavy Metal,Poster,"onsale, Posters",false,Variant,Default Title,,,,,,0,shopify,0,deny,bandwear-fulfillment,12.59,13.99,true,true,,https://cdn.shopify.com/s/files/1/2358/6005/products/favole8.jpg?v=1505680050,1,Victoria Frances poster  #8 - Butterfly,false,,,,,,,,,,,,,,,,https://cdn.shopify.com/s/files/1/2358/6005/products/favole8.jpg?v=1505680050,lb,,
shm5238,Victoria Frances poster  #7 - Dark Sanctuary,"<b>Dark Sanctuary</b><p>A gorgeous image from the studio of Spanish artist Victoria Frances who cites her influences as Edgar Allan Poe, Anne Rice and H.P. Lovecraft as well as Luis Royo and Brom.</p><p>Linen Paper 19.75"" x 27.5""</p>",Heavy Metal,Poster,"onsale, Posters",false,Variant,Default Title,,,,,,0,shopify,0,deny,bandwear-fulfillment,12.59,13.99,true,true,,https://cdn.shopify.com/s/files/1/2358/6005/products/favole7.jpg?v=1505680050,1,Victoria Frances poster  #7 - Dark Sanctuary,false,,,,,,,,,,,,,,,,https://cdn.shopify.com/s/files/1/2358/6005/products/favole7.jpg?v=1505680050,lb,,
shm5237,Victoria Frances poster  #6 - Death,"<b>Death</b><p>A gorgeous image from the studio of Spanish artist Victoria Frances who cites her influences as Edgar Allan Poe, Anne Rice and H.P. Lovecraft as well as Luis Royo and Brom.</p><p>Linen Paper 27.5"" x 19.75""</p>",Heavy Metal,Poster,"onsale, Posters",false,Variant,Default Title,,,,,,0,shopify,0,deny,bandwear-fulfillment,12.59,13.99,true,true,,https://cdn.shopify.com/s/files/1/2358/6005/products/favole6.jpg?v=1505680049,1,Victoria Frances poster  #6 - Death,false,,,,,,,,,,,,,,,,https://cdn.shopify.com/s/files/1/2358/6005/products/favole6.jpg?v=1505680049,lb,,
shm5236,Victoria Frances poster  #5 - Crystal Reflections,"<b>Crystal Reflections</b><p>A gorgeous image from the studio of Spanish artist Victoria Frances who cites her influences as Edgar Allan Poe, Anne Rice and H.P. Lovecraft as well as Luis Royo and Brom.</p><p>Linen Paper 19.75"" x 27.5""</p>",Heavy Metal,Poster,"onsale, Posters",false,Variant,Default Title,,,,,,0,shopify,0,deny,bandwear-fulfillment,12.59,13.99,true,true,,https://cdn.shopify.com/s/files/1/2358/6005/products/favole5.jpg?v=1505680049,1,Victoria Frances poster  #5 - Crystal Reflections,false,,,,,,,,,,,,,,,,https://cdn.shopify.com/s/files/1/2358/6005/products/favole5.jpg?v=1505680049,lb,,
shm5235,Victoria Frances poster  #4 - Angel Wings,"<b>Angel Wings</b><p>A gorgeous image from the studio of Spanish artist Victoria Frances who cites her influences as Edgar Allan Poe, Anne Rice and H.P. Lovecraft as well as Luis Royo and Brom.</p><p>Linen Paper 19.75"" x 27.5""</p>",Heavy Metal,Poster,"onsale, Posters",false,Variant,Default Title,,,,,,0,shopify,0,deny,bandwear-fulfillment,12.59,13.99,true,true,,https://cdn.shopify.com/s/files/1/2358/6005/products/favole4.jpg?v=1505680048,1,Victoria Frances poster  #4 - Angel Wings,false,,,,,,,,,,,,,,,,https://cdn.shopify.com/s/files/1/2358/6005/products/favole4.jpg?v=1505680048,lb,,
shm5234,Victoria Frances poster  #3 - Ophelia\'s Dream,"<b>Ophelia's Dream</b><p>A gorgeous image from the studio of Spanish artist Victoria Frances who cites her influences as Edgar Allan Poe, Anne Rice and H.P. Lovecraft as well as Luis Royo and Brom.</p><p>Linen Paper 19.75"" x 27.5""</p>",Heavy Metal,Poster,"onsale, Posters",false,Variant,Default Title,,,,,,0,shopify,0,deny,bandwear-fulfillment,12.59,13.99,true,true,,https://cdn.shopify.com/s/files/1/2358/6005/products/favole3.jpg?v=1505680048,1,Victoria Frances poster  #3 - Ophelia's Dream,false,,,,,,,,,,,,,,,,https://cdn.shopify.com/s/files/1/2358/6005/products/favole3.jpg?v=1505680048,lb,,
shm5233,Victoria Frances poster  #2 - Liberame,"<b>Liberame</b><p>A gorgeous image from the studio of Spanish artist Victoria Frances who cites her influences as Edgar Allan Poe, Anne Rice and H.P. Lovecraft as well as Luis Royo and Brom.</p><p>Linen Paper 19.75"" x 27.5""</p>",Heavy Metal,Poster,"onsale, Posters",false,Variant,Default Title,,,,,,0,shopify,0,deny,bandwear-fulfillment,12.59,13.99,true,true,,https://cdn.shopify.com/s/files/1/2358/6005/products/favole2.jpg?v=1505680048,1,Victoria Frances poster  #2 - Liberame,false,,,,,,,,,,,,,,,,https://cdn.shopify.com/s/files/1/2358/6005/products/favole2.jpg?v=1505680048,lb,,
shm5232,Victoria Frances poster #12 - Persephone,"<b>Victoria Frances poster entitled PERSEPHONE</b><p>A gorgeous image from the studio of Spanish artist Victoria Frances who cites her influences as Edgar Allan Poe, Anne Rice and H.P. Lovecraft as well as Luis Royo and Brom.</p><p>Linen Paper 27.5"" x 19.75""</p>",Heavy Metal,Poster,"onsale, Posters",false,Variant,Default Title,,,,,,0,shopify,0,deny,bandwear-fulfillment,12.59,13.99,true,true,,https://cdn.shopify.com/s/files/1/2358/6005/products/favole12.jpg?v=1505680052,1,Victoria Frances poster #12 - Persephone,false,,,,,,,,,,,,,,,,https://cdn.shopify.com/s/files/1/2358/6005/products/favole12.jpg?v=1505680052,lb,,
shm5231,Victoria Frances poster  #1 - Diabulus,"<b>Diabulus</b><p>A gorgeous image from the studio of Spanish artist Victoria Frances who cites her influences as Edgar Allan Poe, Anne Rice and H.P. Lovecraft as well as Luis Royo and Brom.</p><p>Linen Paper 19.75"" x 27.5""</p>",Heavy Metal,Poster,"onsale, Posters",false,Variant,Default Title,,,,,,0,shopify,0,deny,bandwear-fulfillment,12.59,13.99,true,true,,https://cdn.shopify.com/s/files/1/2358/6005/products/favole1.jpg?v=1505680047,1,Victoria Frances poster  #1 - Diabulus,false,,,,,,,,,,,,,,,,https://cdn.shopify.com/s/files/1/2358/6005/products/favole1.jpg?v=1505680047,lb,,
shm5214,Sperlonga - Dinners Ready Door Poster (NMR),"A whopping 21"" x 60"", this stylish door poster features Lorenzo Sperlongas cheeky ""Dinner's Ready"" painting.<p>NMR Poster shipping is $6.95 for the first poster and .50 per additional.  Shipping is calculated automatically at checkout.</p>",Heavy Metal,Poster,"onsale, Posters",false,Variant,Default Title,,,,,,0,shopify,0,deny,bandwear-fulfillment,13.46,14.95,true,true,,https://cdn.shopify.com/s/files/1/2358/6005/products/dinnersreadydoor.jpg?v=1505680009,1,Sperlonga - Dinners Ready Door Poster (NMR),false,,,,,,,,,,,,,,,,https://cdn.shopify.com/s/files/1/2358/6005/products/dinnersreadydoor.jpg?v=1505680009,lb,,
shm5103,Sperlonga - Barbwire 24-538 (NMR),"Lorenzo Sperlonga poster<p>24"" x 36""</p><p>NMR Poster shipping is $6.95 for the first poster and .50 per additional.  Shipping is calculated automatically at checkout.</p>",Heavy Metal,Poster,"onsale, Posters",false,Variant,Default Title,,,,,,0,shopify,0,deny,bandwear-fulfillment,8.96,9.95,true,true,,https://cdn.shopify.com/s/files/1/2358/6005/products/nmrbarbwire.jpg?v=1505680007,1,Sperlonga - Barbwire 24-538 (NMR),false,,,,,,,,,,,,,,,,https://cdn.shopify.com/s/files/1/2358/6005/products/nmrbarbwire.jpg?v=1505680007,lb,,
shm5102,Royo poster - Alphabet Letter T 24-532 (NMR),"Luis Royo poster<p>24"" x 36""</p><p>NMR Poster shipping is $6.95 for the first poster and .50 per additional.  Shipping is calculated automatically at checkout.</p>",Heavy Metal,Poster,"onsale, Posters",false,Variant,Default Title,,,,,,0,shopify,0,deny,bandwear-fulfillment,8.96,9.95,true,true,,https://cdn.shopify.com/s/files/1/2358/6005/products/nmrroyo.jpg?v=1505679954,1,Royo poster - Alphabet Letter T 24-532 (NMR),false,,,,,,,,,,,,,,,,https://cdn.shopify.com/s/files/1/2358/6005/products/nmrroyo.jpg?v=1505679954,lb,,
shm5100,Bisley poster - Fallen Angel 24-530 (NMR),"Simon the Biz Bisley poster<p>24"" x 36""</p><p>NMR Poster shipping is $6.95 for the first poster and .50 per additional.  Shipping is calculated automatically at checkout.</p>",Heavy Metal,Poster,"onsale, Posters",false,Variant,Default Title,,,,,,0,shopify,0,deny,bandwear-fulfillment,8.96,9.95,true,true,,https://cdn.shopify.com/s/files/1/2358/6005/products/nmrbizfallenangel.jpg?v=1505679740,1,Bisley poster - Fallen Angel 24-530 (NMR),false,,,,,,,,,,,,,,,,https://cdn.shopify.com/s/files/1/2358/6005/products/nmrbizfallenangel.jpg?v=1505679740,lb,,
shm5099,Bisley poster - Tiger Lady,Simon the Biz Bisley poster<p></p>,Heavy Metal,Poster,"onsale, Posters",false,Variant,Default Title,,,,,,0,shopify,0,deny,bandwear-fulfillment,8.96,9.95,true,true,,https://cdn.shopify.com/s/files/1/2358/6005/products/nmrtigerlady.jpg?v=1505679748,1,Bisley poster - Tiger Lady,false,,,,,,,,,,,,,,,,https://cdn.shopify.com/s/files/1/2358/6005/products/nmrtigerlady.jpg?v=1505679748,lb,,
shm5098,The Huntress 24-513 (NMR),"Lorenzo Sperlonga poster<p>24"" x 36""</p><p>NMR Poster shipping is $6.95 for the first poster and .50 per additional.  Shipping is calculated automatically at checkout.</p>",Heavy Metal,Poster,"onsale, Posters",false,Variant,Default Title,,,,,,0,shopify,0,deny,bandwear-fulfillment,8.96,9.95,true,true,,https://cdn.shopify.com/s/files/1/2358/6005/products/nmrhuntress.jpg?v=1505680027,1,The Huntress 24-513 (NMR),false,,,,,,,,,,,,,,,,https://cdn.shopify.com/s/files/1/2358/6005/products/nmrhuntress.jpg?v=1505680027,lb,,
shm5097,Sperlonga - Black Wings 24-512 (NMR),"Lorenzo Sperlonga poster<p>Image is 24"" x 36""</p><p>NMR Poster shipping is $6.95 for the first poster and .50 per additional.  Shipping is calculated automatically at checkout.</p>",Heavy Metal,Poster,"onsale, Posters",false,Variant,Default Title,,,,,,0,shopify,0,deny,bandwear-fulfillment,8.96,9.95,true,true,,https://cdn.shopify.com/s/files/1/2358/6005/products/nmrblackwings.jpg?v=1505680007,1,Sperlonga - Black Wings 24-512 (NMR),false,,,,,,,,,,,,,,,,https://cdn.shopify.com/s/files/1/2358/6005/products/nmrblackwings.jpg?v=1505680007,lb,,
shm5091,Naughty Art: Blue Satin poster (NA),"<b>Blue Satin</b><p>Naughty Art presents Irvin Bomb's erotic paintings as Fine Art posters.</p><p>Printed on Heavy Weight stock. Each Poster is in limited editions, is both signed and numbered by the artist, and includes a Certificate of Authenticity. All posters are 18"" X 24"" inches. </p><p>Own a piece of Naughty Art!</p><p>This item is distributed by Naughty Art (NA).  Your order for this poster will be passed along to NA for immediate processing and shipping.</p>",Heavy Metal,Poster,"onsale, Posters",false,Variant,Default Title,,,,,,0,shopify,0,deny,bandwear-fulfillment,17.96,19.95,true,true,,https://cdn.shopify.com/s/files/1/2358/6005/products/nabluesatin.jpg?v=1505679904,1,Naughty Art: Blue Satin poster (NA),false,,,,,,,,,,,,,,,,https://cdn.shopify.com/s/files/1/2358/6005/products/nabluesatin.jpg?v=1505679904,lb,,
shm5090,Naughty Art: Forbidden Fruit poster (NA),"<b>Forbidden Fruit</b><p>Naughty Art presents Irvin Bomb's erotic paintings as Fine Art posters.Printed on Heavy Weight stock. Each Poster is in limited editions, is both signed and numbered by the artist, and includes a Certificate of Authenticity. All posters are 18"" X 24"" inches.</p><p>Own a piece of Naughty Art!</p><p>This item is distributed by Naughty Art (NA). Your order for this poster will be passed along to NA for immediate processing and shipping.</p>",Heavy Metal,Poster,"onsale, Posters",false,Variant,Default Title,,,,,,0,shopify,0,deny,bandwear-fulfillment,17.96,19.95,true,true,,https://cdn.shopify.com/s/files/1/2358/6005/products/naforbiddenfruit.jpg?v=1505679904,1,Naughty Art: Forbidden Fruit poster (NA),false,,,,,,,,,,,,,,,,https://cdn.shopify.com/s/files/1/2358/6005/products/naforbiddenfruit.jpg?v=1505679904,lb,,
shm5089,Naughty Art: Lady Kayla poster (NA),"<b>Lady Kayla</b><p>Naughty Art presents Bomb's erotic paintings as Fine Art posters.Printed on Heavy Weight stock. Each Poster is in limited editions, is both signed and numbered by the artist, and includes a Certificate of Authenticity. All posters are 18"" X 24"" inches.</p><p>Own a piece of Naughty Art!</p><p>This item is distributed by Naughty Art (NA). Your order for this poster will be passed along to NA for immediate processing and shipping.</p>",Heavy Metal,Poster,"onsale, Posters",false,Variant,Default Title,,,,,,0,shopify,0,deny,bandwear-fulfillment,17.96,19.95,true,true,,https://cdn.shopify.com/s/files/1/2358/6005/products/naladykayla.jpg?v=1505679905,1,Naughty Art: Lady Kayla poster (NA),false,,,,,,,,,,,,,,,,https://cdn.shopify.com/s/files/1/2358/6005/products/naladykayla.jpg?v=1505679905,lb,,
shm5088,Naughty Art: Girl with Lizzie poster (NA),"<b>Girl With Lizzie</b><p>Naughty Art presents Bomb's erotic paintings as Fine Art posters.Printed on Heavy Weight stock. Each Poster is in limited editions, is both signed and numbered by the artist, and includes a Certificate of Authenticity. All posters are 18"" X 24"" inches.</p><p>Own a piece of Naughty Art!</p><p>This item is distributed by Naughty Art (NA). Your order for this poster will be passed along to NA for immediate processing and shipping.</p>",Heavy Metal,Poster,"onsale, Posters",false,Variant,Default Title,,,,,,0,shopify,0,deny,bandwear-fulfillment,17.96,19.95,true,true,,https://cdn.shopify.com/s/files/1/2358/6005/products/nagirlwithlizzie.jpg?v=1505679905,1,Naughty Art: Girl with Lizzie poster (NA),false,,,,,,,,,,,,,,,,https://cdn.shopify.com/s/files/1/2358/6005/products/nagirlwithlizzie.jpg?v=1505679905,lb,,
shm4957,Royo Poster #33 Prohibited 3,"<p>The cover of the stellar Prohibited 3 is now available as a gorgeous poster19.75"" x 27.5""</p>",Heavy Metal,Poster,"onsale, Posters",false,Variant,Default Title,,,,,,0,shopify,0,deny,bandwear-fulfillment,12.59,13.99,true,true,,https://cdn.shopify.com/s/files/1/2358/6005/products/royoposterprohib3.jpg?v=1505679970,1,Royo Poster #33 Prohibited 3,false,,,,,,,,,,,,,,,,https://cdn.shopify.com/s/files/1/2358/6005/products/royoposterprohib3.jpg?v=1505679970,lb,,
shm4956,Royo Poster #37 Needles of Joy,"Needles of Joy is an illustration from ""The Dark Labyrinth""<p>The latest in the gorgeous line of Luis Royo posters - Back in Stock!!</p><p>27.5"" x 19.75""</p>",Heavy Metal,Poster,"onsale, Posters",false,Variant,Default Title,,,,,,0,shopify,0,deny,bandwear-fulfillment,12.59,13.99,true,true,,https://cdn.shopify.com/s/files/1/2358/6005/products/royoposterneedles.jpg?v=1505679973,1,Royo Poster #37 Needles of Joy,false,,,,,,,,,,,,,,,,https://cdn.shopify.com/s/files/1/2358/6005/products/royoposterneedles.jpg?v=1505679973,lb,,
shm4914,(ES) 1981 Movie Broadsheets,"Heavy Metal 24"" x 18"" 6-scene broadsheet .  <p>Great poster showing the following images: (1) Taarna riding her bird; (2) Taarna's hideway; (3) Corvette through Space; (4) Taxi; (5) Den scene by Richard Corben; and (6) Spaceship.  </p><p> All on one poster.</p><p><b>This poster is distributed by Extensive Search (ES) - Heavy Metal doesn't ship this title. Your order for this poster will be passed along to ES for processing and shipping - please be aware this product may take a few weeks to be delivered.</b></p><p></p>",Heavy Metal,Poster,"onsale, Posters",false,Variant,Default Title,,,,,,0,shopify,0,deny,bandwear-fulfillment,22.50,25.00,true,true,,https://cdn.shopify.com/s/files/1/2358/6005/products/HMBroadsheet.jpg?v=1505679461,1,(ES) 1981 Movie Broadsheets,false,,,,,,,,,,,,,,,,https://cdn.shopify.com/s/files/1/2358/6005/products/HMBroadsheet.jpg?v=1505679461,lb,,
shm4913,Taarna Theater Movie Display (ES),"22""x28"" theater movie display. Taarna image is 20""x13.5"". <p>The credits and advertising for the movie are on the right side. </p><p>Very good condition with some wears and slight margin tears not affecting the artwork.</p><p>  Great piece of movie memorabilia!!</p><p>This item is distributed by Extensive Search (ES) - Heavy Metal cannot ship this title. Your order for this poster will be passed along to ES for processing and shipping - please be aware this product may take a few weeks to be delivered.</p><p>Shipping for this item is $15.00</p>",Heavy Metal,Poster,"onsale, Posters",false,Variant,Default Title,,,,,,0,shopify,0,deny,bandwear-fulfillment,76.50,85.00,true,true,,https://cdn.shopify.com/s/files/1/2358/6005/products/HMTaarnamoviedisplay.jpg?v=1505680014,1,Taarna Theater Movie Display (ES),false,,,,,,,,,,,,,,,,https://cdn.shopify.com/s/files/1/2358/6005/products/HMTaarnamoviedisplay.jpg?v=1505680014,lb,,
shm4855,Victoria Frances poster #10 - Lady of Sorrow,"<b>Victoria Frances poster entitled LADY OF SORROWS</b><p>A gorgeous image from the studio of Spanish artist Victoria Frances who cites her influences as Edgar Allan Poe, Anne Rice and H.P. Lovecraft as well as Luis Royo and Brom.</p><p>Linen Paper 19.75"" x 27.5""</p>",Heavy Metal,Poster,"onsale, Posters",false,Variant,Default Title,,,,,,0,shopify,0,deny,bandwear-fulfillment,12.59,13.99,true,true,,https://cdn.shopify.com/s/files/1/2358/6005/products/Victoria_Frances_Lady_of_Sorrows_poster10.jpg?v=1505680051,1,Victoria Frances poster #10 - Lady of Sorrow,false,,,,,,,,,,,,,,,,https://cdn.shopify.com/s/files/1/2358/6005/products/Victoria_Frances_Lady_of_Sorrows_poster10.jpg?v=1505680051,lb,,
shm4854,Victoria Frances poster #11 - Crows,"<b>Victoria Frances poster entitled CROWS</b><p>A gorgeous image from the studio of Spanish artist Victoria Frances who cites her influences as Edgar Allan Poe, Anne Rice and H.P. Lovecraft as well as Luis Royo and Brom.</p><p>Linen Paper 19.75"" x 27.5""</p>",Heavy Metal,Poster,"onsale, Posters",false,Variant,Default Title,,,,,,0,shopify,0,deny,bandwear-fulfillment,12.59,13.99,true,true,,https://cdn.shopify.com/s/files/1/2358/6005/products/VictoriaFrances_Crows_poster11.jpg?v=1505680052,1,Victoria Frances poster #11 - Crows,false,,,,,,,,,,,,,,,,https://cdn.shopify.com/s/files/1/2358/6005/products/VictoriaFrances_Crows_poster11.jpg?v=1505680052,lb,,
shm4853,Royo Poster #40 Fairy Vassilisas Mission,"19.75"" x 27.5""<p>Lovely addition to the Luis Royo line of posters</p>",Heavy Metal,Poster,"onsale, Posters",false,Variant,Default Title,,,,,,0,shopify,0,deny,bandwear-fulfillment,12.59,13.99,true,true,,https://cdn.shopify.com/s/files/1/2358/6005/products/Luis_Royo_Fairy_Vassilisas_Mission_poster40.jpg?v=1505679974,1,Royo Poster #40 Fairy Vassilisas Mission,false,,,,,,,,,,,,,,,,https://cdn.shopify.com/s/files/1/2358/6005/products/Luis_Royo_Fairy_Vassilisas_Mission_poster40.jpg?v=1505679974,lb,,
shm4852,Royo Poster #39 Medusas Gaze,"19.75"" x 27.5""<p>Spectacular new poster in the Royo poster line - Back in Stock!!!</p>",Heavy Metal,Poster,"onsale, Posters",false,Variant,Default Title,,,,,,0,shopify,0,deny,bandwear-fulfillment,12.59,13.99,true,true,,https://cdn.shopify.com/s/files/1/2358/6005/products/Luis_Royo_Medusas_Gaze_poster39.jpg?v=1505679974,1,Royo Poster #39 Medusas Gaze,false,,,,,,,,,,,,,,,,https://cdn.shopify.com/s/files/1/2358/6005/products/Luis_Royo_Medusas_Gaze_poster39.jpg?v=1505679974,lb,,
shm4851,Royo Poster #38 Circles Thread,"19.75"" x 27.5""<p>The latest work in the popular Luis Royo line of posters.</p>",Heavy Metal,Poster,"onsale, Posters",false,Variant,Default Title,,,,,,0,shopify,0,deny,bandwear-fulfillment,12.59,13.99,true,true,,https://cdn.shopify.com/s/files/1/2358/6005/products/Luis_Royo_Circles_Thread_poster38.jpg?v=1505679974,1,Royo Poster #38 Circles Thread,false,,,,,,,,,,,,,,,,https://cdn.shopify.com/s/files/1/2358/6005/products/Luis_Royo_Circles_Thread_poster38.jpg?v=1505679974,lb,,
shm4634,Royo Poster #30 Sati\'s Dance,"<p>27.5"" x 19.75"" on linen paper</p>",Heavy Metal,Poster,"onsale, Posters",false,Variant,Default Title,,,,,,0,shopify,0,deny,bandwear-fulfillment,12.59,13.99,true,true,,https://cdn.shopify.com/s/files/1/2358/6005/products/royo30.jpg?v=1505679969,1,Royo Poster #30 Sati's Dance,false,,,,,,,,,,,,,,,,https://cdn.shopify.com/s/files/1/2358/6005/products/royo30.jpg?v=1505679969,lb,,
shm4633,Royo Poster #29 Ritual,"<p>27.5"" x 19.75"" on linen paper</p>",Heavy Metal,Poster,"onsale, Posters",false,Variant,Default Title,,,,,,0,shopify,0,deny,bandwear-fulfillment,12.59,13.99,true,true,,https://cdn.shopify.com/s/files/1/2358/6005/products/royo29.jpg?v=1505679969,1,Royo Poster #29 Ritual,false,,,,,,,,,,,,,,,,https://cdn.shopify.com/s/files/1/2358/6005/products/royo29.jpg?v=1505679969,lb,,
shm4619,Royo Poster #28 New Secrets,"27.5"" x 19.75"" on linen paper<p>This gorgeous image also adorns the cover of <a href=""product_info.php?cPath=39&amp;products_id=4352"">Secrets </a> a stunning collection of Royos works.</p>",Heavy Metal,Poster,"onsale, Posters",false,Variant,Default Title,,,,,,0,shopify,0,deny,bandwear-fulfillment,12.59,13.99,true,true,,https://cdn.shopify.com/s/files/1/2358/6005/products/royo28.jpg?v=1505679968,1,Royo Poster #28 New Secrets,false,,,,,,,,,,,,,,,,https://cdn.shopify.com/s/files/1/2358/6005/products/royo28.jpg?v=1505679968,lb,,
shm4618,Royo Poster #27 New Malefic,"<p>27.5"" x 19.75"" on linen paper</p>",Heavy Metal,Poster,"onsale, Posters",false,Variant,Default Title,,,,,,0,shopify,0,deny,bandwear-fulfillment,12.59,13.99,true,true,,https://cdn.shopify.com/s/files/1/2358/6005/products/royo27.jpg?v=1505679967,1,Royo Poster #27 New Malefic,false,,,,,,,,,,,,,,,,https://cdn.shopify.com/s/files/1/2358/6005/products/royo27.jpg?v=1505679967,lb,,
shm4344,Royo Poster #35 Daughter Moon,"<p>Daughter Moon 19.75"" x 27.5"" on linen paper</p>",Heavy Metal,Poster,"onsale, Posters",false,Variant,Default Title,,,,,,0,shopify,0,deny,bandwear-fulfillment,12.59,13.99,true,true,,https://cdn.shopify.com/s/files/1/2358/6005/products/P35_DAUGHTER_MOON.jpg?v=1505679973,1,Royo Poster #35 Daughter Moon,false,,,,,,,,,,,,,,,,https://cdn.shopify.com/s/files/1/2358/6005/products/P35_DAUGHTER_MOON.jpg?v=1505679973,lb,,
shm4343,Royo Poster #34 The Awakening,"Linen Paper 19.75"" x 27.5""<br><br>",Heavy Metal,Poster,"onsale, Posters",false,Variant,Default Title,,,,,,0,shopify,0,deny,bandwear-fulfillment,12.59,13.99,true,true,,https://cdn.shopify.com/s/files/1/2358/6005/products/P34_THE_AWAKENING.jpg?v=1505679972,1,Royo Poster #34 The Awakening,false,,,,,,,,,,,,,,,,https://cdn.shopify.com/s/files/1/2358/6005/products/P34_THE_AWAKENING.jpg?v=1505679972,lb,,
shm4297,Royo Poster #22 Subterrano Magenta,"19.75"" x 27.5"" on linen paper<p>Back in Stock</p>",Heavy Metal,Poster,"onsale, Posters",false,Variant,Default Title,,,,,,0,shopify,0,deny,bandwear-fulfillment,12.59,13.99,true,true,,https://cdn.shopify.com/s/files/1/2358/6005/products/royo_poster_22.jpg?v=1505679966,1,Royo Poster #22 Subterrano Magenta,false,,,,,,,,,,,,,,,,https://cdn.shopify.com/s/files/1/2358/6005/products/royo_poster_22.jpg?v=1505679966,lb,,
shm4296,Royo Poster #23 Black Tinkerbell,"Fantasy Art Poster: Not every fairy is perfect and here to prove she is a little more naughty than nice is Luis Royo's, ""Black Tinkerbell"". <p>As the sun sets on her dark an eerie world, she sits seductively with her legs wide apart as she nibbles her fingers and stare intensely in your direction. Wearing only a pitch black bikini, she sits holding a deadly weapon and trying her best to look innocent along the way. Will you fall into the arms of the dark or can you see the light?</p><p> Perfect for any fantasy art lover!</p><p>27.5"" x 19.75"" on linen paper</p>",Heavy Metal,Poster,"onsale, Posters",false,Variant,Default Title,,,,,,0,shopify,0,deny,bandwear-fulfillment,12.59,13.99,true,true,,https://cdn.shopify.com/s/files/1/2358/6005/products/royo_poster_23.jpg?v=1505679966,1,Royo Poster #23 Black Tinkerbell,false,,,,,,,,,,,,,,,,https://cdn.shopify.com/s/files/1/2358/6005/products/royo_poster_23.jpg?v=1505679966,lb,,
shm4154,Royo Poster #26 Games of Masks II,"Linen Paper - Games of Mask II<p>19.75"" x 27.5""</p>",Heavy Metal,Poster,"onsale, Posters",false,Variant,Default Title,,,,,,0,shopify,0,deny,bandwear-fulfillment,12.59,13.99,true,true,,https://cdn.shopify.com/s/files/1/2358/6005/products/royo_26.jpg?v=1505679967,1,Royo Poster #26 Games of Masks II,false,,,,,,,,,,,,,,,,https://cdn.shopify.com/s/files/1/2358/6005/products/royo_26.jpg?v=1505679967,lb,,
shm4153,Royo Poster #25 Unicornio,"<p>Linen Paper19.75"" x 27.5""</p>",Heavy Metal,Poster,"onsale, Posters",false,Variant,Default Title,,,,,,0,shopify,0,deny,bandwear-fulfillment,12.59,13.99,true,true,,https://cdn.shopify.com/s/files/1/2358/6005/products/royo_25.jpg?v=1505679967,1,Royo Poster #25 Unicornio,false,,,,,,,,,,,,,,,,https://cdn.shopify.com/s/files/1/2358/6005/products/royo_25.jpg?v=1505679967,lb,,
shm4152,Royo Poster #24 Fog & Gold,"<p>Linen Paper19.75"" x 27.5""</p>",Heavy Metal,Poster,"onsale, Posters",false,Variant,Default Title,,,,,,0,shopify,0,deny,bandwear-fulfillment,12.59,13.99,true,true,,https://cdn.shopify.com/s/files/1/2358/6005/products/royo_24.jpg?v=1505679966,1,Royo Poster #24 Fog & Gold,false,,,,,,,,,,,,,,,,https://cdn.shopify.com/s/files/1/2358/6005/products/royo_24.jpg?v=1505679966,lb,,
shm3925,Royo Poster #18 The Time Has Come,"Fantasy Art Poster: Well known around the world for his detailed and sensuous drawings of women, Spanish fantasy artist Luis Royo is sure to please fans with the beautiful image featured on this magnificent poster. Entitled 'The Time Has Come', the scene depicts a lone woman with flowing long hair, who is draped in a flowing black cloak and clutches a long, silver sword in her hand. She looks down over the orange glow of fire, with dramatic, thick smoke almost hiding the moon in the sky.<p>Linen Paper19.75"" x 27.5""</p>",Heavy Metal,Poster,"onsale, Posters",false,Variant,Default Title,,,,,,0,shopify,0,deny,bandwear-fulfillment,12.59,13.99,true,true,,https://cdn.shopify.com/s/files/1/2358/6005/products/royo22.jpg?v=1505679964,1,Royo Poster #18 The Time Has Come,false,,,,,,,,,,,,,,,,https://cdn.shopify.com/s/files/1/2358/6005/products/royo22.jpg?v=1505679964,lb,,
shm3924,Royo Poster #17 Evolution,"Linen Paper19.75"" x 27.5""<p></p>",Heavy Metal,Poster,"onsale, Posters",false,Variant,Default Title,,,,,,0,shopify,0,deny,bandwear-fulfillment,12.59,13.99,true,true,,https://cdn.shopify.com/s/files/1/2358/6005/products/royo21.jpg?v=1505679963,1,Royo Poster #17 Evolution,false,,,,,,,,,,,,,,,,https://cdn.shopify.com/s/files/1/2358/6005/products/royo21.jpg?v=1505679963,lb,,
shm3923,Royo Poster #09 Fallen Angel,"<p>Linen Paper19.75"" x 27.5""</p>",Heavy Metal,Poster,"onsale, Posters",false,Variant,Default Title,,,,,,0,shopify,0,deny,bandwear-fulfillment,12.59,13.99,true,true,,https://cdn.shopify.com/s/files/1/2358/6005/products/royo20.jpg?v=1505679960,1,Royo Poster #09 Fallen Angel,false,,,,,,,,,,,,,,,,https://cdn.shopify.com/s/files/1/2358/6005/products/royo20.jpg?v=1505679960,lb,,
shm3922,Royo Poster #14 Prohibit,"Linen Paper19.75"" x 27.5""<br>This gorgeous image adorns the cover of Royos ""Prohibited"".  Visit the Book section of our store and click on Royo-Prohibited to buy the book too.",Heavy Metal,Poster,"onsale, Posters",false,Variant,Default Title,,,,,,0,shopify,0,deny,bandwear-fulfillment,12.59,13.99,true,true,,https://cdn.shopify.com/s/files/1/2358/6005/products/royo19.jpg?v=1505679962,1,Royo Poster #14 Prohibit,false,,,,,,,,,,,,,,,,https://cdn.shopify.com/s/files/1/2358/6005/products/royo19.jpg?v=1505679962,lb,,
shm3921,Royo Poster #12 Fallen Angel II,"<p>Linen Paper19.75"" x 27.5""</p>",Heavy Metal,Poster,"onsale, Posters",false,Variant,Default Title,,,,,,0,shopify,0,deny,bandwear-fulfillment,12.59,13.99,true,true,,https://cdn.shopify.com/s/files/1/2358/6005/products/royo18.jpg?v=1505679961,1,Royo Poster #12 Fallen Angel II,false,,,,,,,,,,,,,,,,https://cdn.shopify.com/s/files/1/2358/6005/products/royo18.jpg?v=1505679961,lb,,
shm3920,Royo Poster #11 Liberty,"<p>Linen Paper19.75"" x 27.5""</p>",Heavy Metal,Poster,"onsale, Posters",false,Variant,Default Title,,,,,,0,shopify,0,deny,bandwear-fulfillment,12.59,13.99,true,true,,https://cdn.shopify.com/s/files/1/2358/6005/products/royo17.jpg?v=1505679961,1,Royo Poster #11 Liberty,false,,,,,,,,,,,,,,,,https://cdn.shopify.com/s/files/1/2358/6005/products/royo17.jpg?v=1505679961,lb,,
shm3918,Royo Poster #08 A Million Tears,"<p>Linen Paper19.75"" x 27.5""</p>",Heavy Metal,Poster,"onsale, Posters",false,Variant,Default Title,,,,,,0,shopify,0,deny,bandwear-fulfillment,12.59,13.99,true,true,,https://cdn.shopify.com/s/files/1/2358/6005/products/royo15.jpg?v=1505679960,1,Royo Poster #08 A Million Tears,false,,,,,,,,,,,,,,,,https://cdn.shopify.com/s/files/1/2358/6005/products/royo15.jpg?v=1505679960,lb,,
shm3917,Royo Poster #07 Communion,"<p>Linen Paper19.75"" x 27.5""</p>",Heavy Metal,Poster,"onsale, Posters",false,Variant,Default Title,,,,,,0,shopify,0,deny,bandwear-fulfillment,12.59,13.99,true,true,,https://cdn.shopify.com/s/files/1/2358/6005/products/royo14.jpg?v=1505679959,1,Royo Poster #07 Communion,false,,,,,,,,,,,,,,,,https://cdn.shopify.com/s/files/1/2358/6005/products/royo14.jpg?v=1505679959,lb,,
shm3916,Royo Poster #06 Hand of 3 Circles,"<p>Linen Paper19.75"" x 27.5""</p>",Heavy Metal,Poster,"onsale, Posters",false,Variant,Default Title,,,,,,0,shopify,0,deny,bandwear-fulfillment,12.59,13.99,true,true,,https://cdn.shopify.com/s/files/1/2358/6005/products/royo13.jpg?v=1505679959,1,Royo Poster #06 Hand of 3 Circles,false,,,,,,,,,,,,,,,,https://cdn.shopify.com/s/files/1/2358/6005/products/royo13.jpg?v=1505679959,lb,,
shm3915,Royo Poster #05 Royo Red,"<p>Linen Paper19.75"" x 27.5""</p>",Heavy Metal,Poster,"onsale, Posters",false,Variant,Default Title,,,,,,0,shopify,0,deny,bandwear-fulfillment,12.59,13.99,true,true,,https://cdn.shopify.com/s/files/1/2358/6005/products/royo12.jpg?v=1505679959,1,Royo Poster #05 Royo Red,false,,,,,,,,,,,,,,,,https://cdn.shopify.com/s/files/1/2358/6005/products/royo12.jpg?v=1505679959,lb,,
shm3914,Royo Poster #04 Reflection,"Linen Paper19.75"" x 27.5""<p>This gorgeous image graced the cover of the January 1996 issue</p>",Heavy Metal,Poster,"onsale, Posters",false,Variant,Default Title,,,,,,0,shopify,0,deny,bandwear-fulfillment,12.59,13.99,true,true,,https://cdn.shopify.com/s/files/1/2358/6005/products/royo11.jpg?v=1505679959,1,Royo Poster #04 Reflection,false,,,,,,,,,,,,,,,,https://cdn.shopify.com/s/files/1/2358/6005/products/royo11.jpg?v=1505679959,lb,,
shm3912,Royo Poster #19 Surprise,"<p>Linen Paper19.75"" x 27.5""</p>",Heavy Metal,Poster,"onsale, Posters",false,Variant,Default Title,,,,,,0,shopify,0,deny,bandwear-fulfillment,12.59,13.99,true,true,,https://cdn.shopify.com/s/files/1/2358/6005/products/royo09.jpg?v=1505679964,1,Royo Poster #19 Surprise,false,,,,,,,,,,,,,,,,https://cdn.shopify.com/s/files/1/2358/6005/products/royo09.jpg?v=1505679964,lb,,
shm3911,Royo Poster #20 Conscience\'s Basement,"<p>Linen Paper19.75"" x 27.5""</p>",Heavy Metal,Poster,"onsale, Posters",false,Variant,Default Title,,,,,,0,shopify,0,deny,bandwear-fulfillment,12.59,13.99,true,true,,https://cdn.shopify.com/s/files/1/2358/6005/products/royo08.jpg?v=1505679965,1,Royo Poster #20 Conscience's Basement,false,,,,,,,,,,,,,,,,https://cdn.shopify.com/s/files/1/2358/6005/products/royo08.jpg?v=1505679965,lb,,
shm3910,Royo Poster #16 The Announcement,"<p>Linen Paper19.75"" x 27.5</p>",Heavy Metal,Poster,"onsale, Posters",false,Variant,Default Title,,,,,,0,shopify,0,deny,bandwear-fulfillment,12.59,13.99,true,true,,https://cdn.shopify.com/s/files/1/2358/6005/products/royo07.jpg?v=1505679963,1,Royo Poster #16 The Announcement,false,,,,,,,,,,,,,,,,https://cdn.shopify.com/s/files/1/2358/6005/products/royo07.jpg?v=1505679963,lb,,
shm3793,Royo Poster #10 Grey Over A Greyer Grey,"<p>Linen Paper19.75"" x 27.5""</p>",Heavy Metal,Poster,"onsale, Posters",false,Variant,Default Title,,,,,,0,shopify,0,deny,bandwear-fulfillment,12.59,13.99,true,true,,https://cdn.shopify.com/s/files/1/2358/6005/products/royo_poster3.jpg?v=1505679961,1,Royo Poster #10 Grey Over A Greyer Grey,false,,,,,,,,,,,,,,,,https://cdn.shopify.com/s/files/1/2358/6005/products/royo_poster3.jpg?v=1505679961,lb,,
shm3792,Royo Poster #15 Tick Tock,"<p>Linen Paper19.75"" x 27.5""</p>",Heavy Metal,Poster,"onsale, Posters",false,Variant,Default Title,,,,,,0,shopify,0,deny,bandwear-fulfillment,12.59,13.99,true,true,,https://cdn.shopify.com/s/files/1/2358/6005/products/royo_poster6.jpg?v=1505679963,1,Royo Poster #15 Tick Tock,false,,,,,,,,,,,,,,,,https://cdn.shopify.com/s/files/1/2358/6005/products/royo_poster6.jpg?v=1505679963,lb,,
shm3791,Royo Poster #03 Past-Future Fog,"<p>Linen Paper19.75"" x 27.5""</p>",Heavy Metal,Poster,"onsale, Posters",false,Variant,Default Title,,,,,,0,shopify,0,deny,bandwear-fulfillment,12.59,13.99,true,true,,https://cdn.shopify.com/s/files/1/2358/6005/products/royo_poster5.jpg?v=1505679958,1,Royo Poster #03 Past-Future Fog,false,,,,,,,,,,,,,,,,https://cdn.shopify.com/s/files/1/2358/6005/products/royo_poster5.jpg?v=1505679958,lb,,
shm3790,Royo Poster #13 Dreams,"Linen Paper - 19.75"" x 27.5""<p>this gorgeous image graced the cover of the November 2000 issue</p>",Heavy Metal,Poster,"onsale, Posters",false,Variant,Default Title,,,,,,0,shopify,0,deny,bandwear-fulfillment,12.59,13.99,true,true,,https://cdn.shopify.com/s/files/1/2358/6005/products/royo_poster4.jpg?v=1505679962,1,Royo Poster #13 Dreams,false,,,,,,,,,,,,,,,,https://cdn.shopify.com/s/files/1/2358/6005/products/royo_poster4.jpg?v=1505679962,lb,,
shm3788,Royo Poster #21 Angel,"<p>Linen Paper19.75"" x 27.5""</p>",Heavy Metal,Poster,"onsale, Posters",false,Variant,Default Title,,,,,,0,shopify,0,deny,bandwear-fulfillment,12.59,13.99,true,true,,https://cdn.shopify.com/s/files/1/2358/6005/products/royo_poster2.jpg?v=1505679965,1,Royo Poster #21 Angel,false,,,,,,,,,,,,,,,,https://cdn.shopify.com/s/files/1/2358/6005/products/royo_poster2.jpg?v=1505679965,lb,,
shm3787,Royo Poster #02 Blue Forest,"<p>Linen Paper19.75"" x 27.5""</p>",Heavy Metal,Poster,"onsale, Posters",false,Variant,Default Title,,,,,,0,shopify,0,deny,bandwear-fulfillment,12.59,13.99,true,true,,https://cdn.shopify.com/s/files/1/2358/6005/products/royo_poster1.jpg?v=1505679958,1,Royo Poster #02 Blue Forest,false,,,,,,,,,,,,,,,,https://cdn.shopify.com/s/files/1/2358/6005/products/royo_poster1.jpg?v=1505679958,lb,,
shm3764,"Bisley Bible Art-David & Goliath, signed","19"" x 13"" full-color lithograph from Simon Bisley's <i>Illustrations from The Bible.</i>Giclee printed on archival paper.Signed by Simon BisleySimon Bisley_s <a href=""product_info.php?products_id=4791""> Illustrations from the Bible</a> has been reprinted as an oversized soft cover and is now back in stock.",Heavy Metal - No Sale,Poster,"onsale, Posters, Signed",false,Variant,Default Title,,,,,,0,shopify,0,deny,bandwear-fulfillment,35.96,39.95,true,true,,https://cdn.shopify.com/s/files/1/2358/6005/products/davidandgoliath.jpg?v=1505679737,1,"Bisley Bible Art-David & Goliath, signed",false,,,,,,,,,,,,,,,,https://cdn.shopify.com/s/files/1/2358/6005/products/davidandgoliath.jpg?v=1505679737,lb,,
shm3763,"Bisley Bible Art-Christ on Cross, signed","13"" x 19"" full-color lithograph from Simon Bisley's <i>Illustrations from The Bible.</i>Giclee printed on archival paper.Signed by Simon BisleySimon Bisley_s <a href=""product_info.php?products_id=4791""> Illustrations from the Bible</a> has been reprinted as an oversized soft cover and is now back in stock.",Heavy Metal - No Sale,Poster,"onsale, Posters, Signed",false,Variant,Default Title,,,,,,0,shopify,0,deny,bandwear-fulfillment,35.96,39.95,true,true,,https://cdn.shopify.com/s/files/1/2358/6005/products/christoncross.jpg?v=1505679737,1,"Bisley Bible Art-Christ on Cross, signed",false,,,,,,,,,,,,,,,,https://cdn.shopify.com/s/files/1/2358/6005/products/christoncross.jpg?v=1505679737,lb,,
shm3762,"Bisley Bible Art-Annunciation, signed","13"" x 19"" full-color lithograph from Simon Bisley's <i>Illustrations from The Bible.</i>Giclee printed on archival paper.Signed by Simon BisleySimon Bisley_s <a href=""product_info.php?products_id=4791""> Illustrations from the Bible</a> has been reprinted as an oversized soft cover and is now back in stock.",Heavy Metal - No Sale,Poster,"onsale, Posters, Signed",false,Variant,Default Title,,,,,,0,shopify,0,deny,bandwear-fulfillment,35.96,39.95,true,true,,https://cdn.shopify.com/s/files/1/2358/6005/products/announciation.jpg?v=1505679736,1,"Bisley Bible Art-Annunciation, signed",false,,,,,,,,,,,,,,,,https://cdn.shopify.com/s/files/1/2358/6005/products/announciation.jpg?v=1505679736,lb,,
shm3761,"Bisley Bible Art-Ascension, signed","13"" x 19"" full-color lithograph from Simon Bisley's <i>Illustrations from The Bible.</i>Giclee printed on archival paper.Signed by Simon BisleySimon Bisley_s <a href=""product_info.php?products_id=4791""> Illustrations from the Bible</a> has been reprinted as an oversized soft cover and is now back in stock.",Heavy Metal - No Sale,Poster,"onsale, Posters, Signed",false,Variant,Default Title,,,,,,0,shopify,0,deny,bandwear-fulfillment,35.96,39.95,true,true,,https://cdn.shopify.com/s/files/1/2358/6005/products/ascension_f7d246ee-5252-4e18-bbbd-34c2f1fdaf7a.jpg?v=1505679736,1,"Bisley Bible Art-Ascension, signed",false,,,,,,,,,,,,,,,,https://cdn.shopify.com/s/files/1/2358/6005/products/ascension_f7d246ee-5252-4e18-bbbd-34c2f1fdaf7a.jpg?v=1505679736,lb,,
shm3688,Serpieri poster - Aphrodisia Lithograph <b>Signed & #</b>,"<p>by SerpieriSigned and Numbered - 19"" x 23"" - Four ColorOnly 12 available!</p>",Heavy Metal - No Sale,Poster,"onsale, Posters, Signed",false,Variant,Default Title,,,,,,0,shopify,0,deny,bandwear-fulfillment,157.46,174.95,true,true,,https://cdn.shopify.com/s/files/1/2358/6005/products/serp_lith.jpg?v=1505679987,1,Serpieri poster - Aphrodisia Lithograph <b>Signed & #</b>,false,,,,,,,,,,,,,,,,https://cdn.shopify.com/s/files/1/2358/6005/products/serp_lith.jpg?v=1505679987,lb,,
shm3348,Bisley poster - Ecosystem,"Ecosystem by Simon Bisley, featuring Shit the Dog<p>""Shit the Dog"" was created in 1998 by writers Alan Grant &amp; John Wagner and illustrated by our own Simon Bisley</p>",Heavy Metal,Poster,"Bisley-Eastman Collection, onsale, Posters",false,Variant,Default Title,,,,,,0,shopify,0,deny,bandwear-fulfillment,8.96,9.95,true,true,,https://cdn.shopify.com/s/files/1/2358/6005/products/stdpost.jpg?v=1505679740,1,Bisley poster - Ecosystem,false,,,,,,,,,,,,,,,,https://cdn.shopify.com/s/files/1/2358/6005/products/stdpost.jpg?v=1505679740,lb,,
shm3042,Bisley poster - Lingerie Kickboxer,"<p>19"" x 24"" Limited edition of 500</p>",Heavy Metal,Poster,"Bisley-Eastman Collection, onsale, Posters",false,Variant,Default Title,,,,,,0,shopify,0,deny,bandwear-fulfillment,8.96,9.95,true,true,,https://cdn.shopify.com/s/files/1/2358/6005/products/mini-LingerieKickboxer_Simon_Bisley.jpg?v=1505679745,1,Bisley poster - Lingerie Kickboxer,false,,,,,,,,,,,,,,,,https://cdn.shopify.com/s/files/1/2358/6005/products/mini-LingerieKickboxer_Simon_Bisley.jpg?v=1505679745,lb,,
shm3041,Bisley poster - 5A,"<p>19"" x 24"" Limited edition.</p>",Heavy Metal,Poster,"Bisley-Eastman Collection, onsale, Posters",false,Variant,Default Title,,,,,,0,shopify,0,deny,bandwear-fulfillment,8.96,9.95,true,true,,https://cdn.shopify.com/s/files/1/2358/6005/products/simonbisley5a.jpg?v=1505679738,1,Bisley poster - 5A,false,,,,,,,,,,,,,,,,https://cdn.shopify.com/s/files/1/2358/6005/products/simonbisley5a.jpg?v=1505679738,lb,,
shm3040,Bisley poster - 2A,"19""x24"" Limited edition.Was $19.95<p align=""center""><strong><font color=""#990000"" size=""4"" face=""Verdana, Arial, Helvetica, sans-serif""><em></em></font></strong></p>",Heavy Metal,Poster,"onsale, Posters",false,Variant,Default Title,,,,,,0,shopify,0,deny,bandwear-fulfillment,9.00,10.00,true,true,,https://cdn.shopify.com/s/files/1/2358/6005/products/simonbisley2a.jpg?v=1505679737,1,Bisley poster - 2A,false,,,,,,,,,,,,,,,,https://cdn.shopify.com/s/files/1/2358/6005/products/simonbisley2a.jpg?v=1505679737,lb,,
shm3032,Royo poster - Time Travel,"<p>19"" x 24"" Limited edition.</p>",Heavy Metal,Poster,"onsale, Posters",false,Variant,Default Title,,,,,,0,shopify,0,deny,bandwear-fulfillment,8.96,9.95,true,true,,https://cdn.shopify.com/s/files/1/2358/6005/products/luisroyo6.gif?v=1505679956,1,Royo poster - Time Travel,false,,,,,,,,,,,,,,,,https://cdn.shopify.com/s/files/1/2358/6005/products/luisroyo6.gif?v=1505679956,lb,,
shm3030,Spaceship-Angus McKie artwork (ES),"Discover the gorgeous artwork of the ""Smile"" spaceship by Angus McKie<p>This item is distributed by Extensive Search (ES) - Heavy Metal cannot ship this title. Your order for this poster will be passed along to ES for processing and shipping - please be aware this product may take a few weeks to be delivered.</p><p>Shipping for this item is $15.00</p>",Heavy Metal,Poster,"onsale, Posters",false,Variant,Default Title,,,,,,0,shopify,0,deny,bandwear-fulfillment,22.50,25.00,true,true,,https://cdn.shopify.com/s/files/1/2358/6005/products/spaceship.jpg?v=1505680006,1,Spaceship-Angus McKie artwork (ES),false,,,,,,,,,,,,,,,,https://cdn.shopify.com/s/files/1/2358/6005/products/spaceship.jpg?v=1505680006,lb,,
shm3029,DEN  - Corben artwork poster (ES),Enjoy the matchless beauty of Richard Corben's art from his famous DEN series<p>This item is distributed exclusively by Extensive Search (ES) - Heavy Metal doesn't ship this title. Your order for this poster will be passed along to ES for immediate processing and shipping - please be aware this product may take a couple of weeks to be delivered.</p><p></p>,Heavy Metal,Poster,"onsale, Posters",false,Variant,Default Title,,,,,,0,shopify,0,deny,bandwear-fulfillment,22.50,25.00,true,true,,https://cdn.shopify.com/s/files/1/2358/6005/products/denseries.jpg?v=1505679773,1,DEN  - Corben artwork poster (ES),false,,,,,,,,,,,,,,,,https://cdn.shopify.com/s/files/1/2358/6005/products/denseries.jpg?v=1505679773,lb,,
shm3028,"DEN 27\X41\""- Corben artwork (ES)""",A rare theater movie display. Great Richard Corben art<p>This item is distributed by Extensive Search (ES) - Heavy Metal doesn't ship this title. Your order for this poster will be passed along to ES for processing and shipping - please be aware this product may take a few days to be processed prior to shipping.</p>,Heavy Metal,Poster,"onsale, Posters",false,Variant,Default Title,,,,,,0,shopify,0,deny,bandwear-fulfillment,76.50,85.00,true,true,,https://cdn.shopify.com/s/files/1/2358/6005/products/den27x41.jpg?v=1505679773,1,"DEN 27X41""- Corben artwork (ES)""",false,,,,,,,,,,,,,,,,https://cdn.shopify.com/s/files/1/2358/6005/products/den27x41.jpg?v=1505679773,lb,,
shm3027,Hideaway - Taarna poster (ES),Relive the memories of Taarna apprearing at her Avenging Goddess Hideaway to don her skimpy Tarakian costume<p>This item is distributed by Extensive Search (ES) - Heavy Metal cannot ship this title. Your order for this poster will be passed along to ES for processing and shipping - please be aware this product may take a few weeks to be delivered.</p><p>Shipping for this item is $15.00</p>,Heavy Metal,Poster,"onsale, Posters",false,Variant,Default Title,,,,,,0,shopify,0,deny,bandwear-fulfillment,22.50,25.00,true,true,,https://cdn.shopify.com/s/files/1/2358/6005/products/hideaway.jpg?v=1505679827,1,Hideaway - Taarna poster (ES),false,,,,,,,,,,,,,,,,https://cdn.shopify.com/s/files/1/2358/6005/products/hideaway.jpg?v=1505679827,lb,,
shm3025,Broadsheet - Original 1981 movie images (ES),Showing 6 different scenes. Illustrates six of the most famous scenes from the movie<p>This item is distributed exclusively by Extensive Search (ES) - Heavy Metal doesn't ship this title.  Your order for this Broadsheet will be passed along to ES for immediate processing and shipping - please be aware this product may however take a couple of weeks to be delivered.</p><p>Shipping for this item is $15.00</p>,Heavy Metal,Poster,"onsale, Posters",false,Variant,Default Title,,,,,,0,shopify,0,deny,bandwear-fulfillment,22.50,25.00,true,true,,https://cdn.shopify.com/s/files/1/2358/6005/products/broadsheet.jpg?v=1505679758,1,Broadsheet - Original 1981 movie images (ES),false,,,,,,,,,,,,,,,,https://cdn.shopify.com/s/files/1/2358/6005/products/broadsheet.jpg?v=1505679758,lb,,
shm3021,1981 New York -Taxi-1981 Movie Poster,"Entertain you and your friends by having Harry Canyon's taxi in your own home!
<p> </p>
<p align=""center""> </p>
<p> </p>
<p align=""center""> </p>
<p><strong><span color=""#990000"" size=""4"" face=""Verdana, Arial, Helvetica, sans-serif"" style=""color: #990000; font-family: Verdana, Arial, Helvetica, sans-serif; font-size: large;""><em>Also Check out <a href=""/shm/product_info.php?products_id=5487"">the original movie album</a></em></span></strong></p>
<p> </p>",Heavy Metal,Poster,"Dcon, onsale, Posters",false,Variant,Default Title,,,,,"",0,shopify,19,deny,bandwear-fulfillment,8.96,9.95,true,true,,https://cdn.shopify.com/s/files/1/2358/6005/products/newyorktaxi.jpg?v=1505679673,1,1981 New York -Taxi-1981 Movie Poster,false,,,,,,,,,,,,,,,,https://cdn.shopify.com/s/files/1/2358/6005/products/newyorktaxi.jpg?v=1505679673,lb,,
shm3020,Corvette poster (ES),Display the interstellar Corvette cruising the stratosphere to earth<p>This item is distributed by Extensive Search (ES) - Heavy Metal cannot ship this title. Your order for this poster will be passed along to ES for processing and shipping - please be aware this product may take a few weeks to be delivered.</p><p>Shipping for this item is $15.00</p>,Heavy Metal,Poster,"onsale, Posters",false,Variant,Default Title,,,,,,0,shopify,0,deny,bandwear-fulfillment,22.50,25.00,true,true,,https://cdn.shopify.com/s/files/1/2358/6005/products/corvette.jpg?v=1505679768,1,Corvette poster (ES),false,,,,,,,,,,,,,,,,https://cdn.shopify.com/s/files/1/2358/6005/products/corvette.jpg?v=1505679768,lb,,
shm3009,Corben DEN poster,"Limited Edition Print (19"" x 24"") by Richard Corben
<p> </p>
<strong><span color=""#990000"" size=""4"" face=""Verdana, Arial, Helvetica, sans-serif"" style=""color: #990000; font-family: Verdana, Arial, Helvetica, sans-serif; font-size: large;""><em> </em></span></strong>
<p> The artist I most want to aspire to is Richard Corben. His style is visual and it tells the story just as you see it... ...my favorite is Corben. I love everything he does, I love his stuff ...he_s an amazing artist. </p>
_Guillermo del Toro",Heavy Metal,Poster,"Dcon, Dcon 2018, onsale, Posters",false,Variant,Default Title,,,,,"",0,shopify,26,deny,bandwear-fulfillment,8.96,9.95,true,true,,https://cdn.shopify.com/s/files/1/2358/6005/products/corbenden.jpg?v=1505679482,1,<!--- 1 --->Corben DEN poster,false,,,,,,,,,,,,,,,,https://cdn.shopify.com/s/files/1/2358/6005/products/corbenden.jpg?v=1505679482,lb,,
shm3004,Achilleos - 1981 Movie Poster,"19"" x 24""
<p>Chris Achilleos, artist and illustrator, has created some of the best-loved fantasy and glamour art of the past thirty years. His work ranges from this stunning image of Taarna, the famous Heavy Metal heroine, through classic Conan covers and Amazonian women to his more recent fetish paintings, all the time experimenting with new techniques and different materials.</p>
<p> </p>
<p align=""center""> </p>
<p> </p>
<strong><span color=""#990000"" size=""4"" face=""Verdana, Arial, Helvetica, sans-serif"" style=""color: #990000; font-family: Verdana, Arial, Helvetica, sans-serif; font-size: large;""><em> </em></span></strong>
<p> </p>",Heavy Metal,Poster,"Dcon, Dcon 2018, onsale, Posters",false,Variant,Default Title,,,,,"",0,shopify,0,deny,bandwear-fulfillment,8.96,9.95,true,true,,https://cdn.shopify.com/s/files/1/2358/6005/products/hmmovieposter.jpg?v=1505679697,1,Achilleos - 1981 Movie Poster,false,,,,,,,,,,,,,,,,https://cdn.shopify.com/s/files/1/2358/6005/products/hmmovieposter.jpg?v=1505679697,lb,,
shm3003,5 Posters Special (ES),"Spaceship, New York, Corvette, Den &amp; Hideaway.<p>This item is distributed by Extensive Search (ES) - Heavy Metal doesn't ship this title. Your order for this poster will be passed along to ES for processing and shipping - please be aware this product may take a few weeks to be delivered.</p><p></p>",Heavy Metal,Poster,"onsale, Posters",false,Variant,Default Title,,,,,,0,shopify,0,deny,bandwear-fulfillment,67.50,75.00,true,true,,https://cdn.shopify.com/s/files/1/2358/6005/products/5posterspecial.jpg?v=1505679696,1,5 Posters Special (ES),false,,,,,,,,,,,,,,,,https://cdn.shopify.com/s/files/1/2358/6005/products/5posterspecial.jpg?v=1505679696,lb,,
shm3000,Royo poster - 20th Anniversary,<p>The Heavy Metal Magazine 20th Anniversary Poster created exclusively for the 20 Years of Heavy Metal museum exhibit</p>,Heavy Metal,Poster,"onsale, Posters",false,Variant,Default Title,,,,,,0,shopify,0,deny,bandwear-fulfillment,13.46,14.95,true,true,,https://cdn.shopify.com/s/files/1/2358/6005/products/20thanniversary.jpg?v=1505679953,1,Royo poster - 20th Anniversary,false,,,,,,,,,,,,,,,,https://cdn.shopify.com/s/files/1/2358/6005/products/20thanniversary.jpg?v=1505679953,lb,,
shm6036,|| SDCC Exclusive Print ||- Frank Frazettas THE SILVER WARRIOR adapted by Kilian Eng,"<p>10 color screen print on 100lbs paper.</p>
<p>Measuring 18""x24""</p>
<p>Only 400 units produced</p>",Heavy Metal - No Sale,Poster,onsale,true,Variant,Default Title,,,,,Frank Frazetta's THE SILVER WARRIOR,3629,shopify,279,deny,bandwear-fulfillment,54.00,60.00,true,true,"",https://cdn.shopify.com/s/files/1/2358/6005/products/02_20_Small.jpg?v=1505679641,1,|| SDCC Exclusive Print ||- Frank Frazetta's THE SILVER WARRIOR,false,,,,,,,,,,,,,,,,https://cdn.shopify.com/s/files/1/2358/6005/products/02_20_Small.jpg?v=1505679641,lb,,
shm5535,Royo poster - Sexy Cop,"Luis Royo image featuring a sexy futuristc cop, art measures 18"" x 24""<p>Luis Royo is amongst our most popular artists with dozens of Heavy Metal titles; check them all        Out !!</p><p align=""center""><strong><font color=""#990000"" size=""4"" face=""Verdana, Arial, Helvetica, sans-serif""><em><p><a href=""/shm/advanced_search_result.php?keywords=Royo&amp;x=0&amp;y=0"">A complete line up of Royo stuff </a></p></em></font></strong></p>",Heavy Metal,Poster,"Luis Royo, onsale, Posters",false,Variant,Default Title,,,,,,0,shopify,0,deny,bandwear-fulfillment,8.96,9.95,true,true,,https://cdn.shopify.com/s/files/1/2358/6005/products/roypsexycop.jpg?v=1505679957,1,Royo poster - Sexy Cop,false,,,,,,,,,,,,,,,,https://cdn.shopify.com/s/files/1/2358/6005/products/roypsexycop.jpg?v=1505679957,lb,,
shm5506,Bisley poster - Warrior,"<p>18"" x 26"" poster on glossy stock - shipped wrapped and rolled</p>",Heavy Metal,Poster,"onsale, Posters, Simon Bisley",false,Variant,Default Title,,,,,,0,shopify,0,deny,bandwear-fulfillment,8.96,9.95,true,true,,https://cdn.shopify.com/s/files/1/2358/6005/products/bizposter6.jpg?v=1505679751,1,Bisley poster - Warrior,false,,,,,,,,,,,,,,,,https://cdn.shopify.com/s/files/1/2358/6005/products/bizposter6.jpg?v=1505679751,lb,,
shm5364,Sperlonga poster - Steampunk Doll,"Steampunk Doll<p>The newest Lorenzo Sperlonga poster is a stunning piece measuring 16"" x 24""  Also the cover for the March 2010 issue of the magazine</p><p></p><p align=""center""><strong><font color=""#990000"" size=""4"" face=""Verdana, Arial, Helvetica, sans-serif""><em><p>Also check         out <a href=""/shm/advanced_search_result.php?keywords=Sperlonga+&amp;x=0&amp;y=0"">COMPLETE LINE UP OF SPERLONGA TITLES</a></p></em></font></strong></p>",Heavy Metal,Poster,"Lorenzo Sperlonga, onsale, Posters",false,Variant,Default Title,,,,,,0,shopify,0,deny,bandwear-fulfillment,8.96,9.95,true,true,,https://cdn.shopify.com/s/files/1/2358/6005/products/sperlongasteampunkposter.jpg?v=1505680021,1,Sperlonga poster - Steampunk Doll,false,,,,,,,,,,,,,,,,https://cdn.shopify.com/s/files/1/2358/6005/products/sperlongasteampunkposter.jpg?v=1505680021,lb,,
shm5224,Bisley poster - Indian Girl,"Brand new Bisley poster - 18"" x 24""<p>Poster is shipped rolled and shrink wrapped</p>",Heavy Metal,Poster,"onsale, Posters, Simon Bisley, Simon Bisley-Eastman Collection",false,Variant,Default Title,,,,,,0,shopify,0,deny,bandwear-fulfillment,8.96,9.95,true,true,,https://cdn.shopify.com/s/files/1/2358/6005/products/Bisleystomp.jpg?v=1505679744,1,Bisley poster - Indian Girl,false,,,,,,,,,,,,,,,,https://cdn.shopify.com/s/files/1/2358/6005/products/Bisleystomp.jpg?v=1505679744,lb,,
shm5223,Bisley poster - Spike & Me,New 18 x 24 inch Bisley poster.<p>Poster is shipped rolled and shrink wrapped</p>,Heavy Metal,Poster,"onsale, Posters, Simon Bisley",false,Variant,Default Title,,,,,,0,shopify,0,deny,bandwear-fulfillment,8.96,9.95,true,true,,https://cdn.shopify.com/s/files/1/2358/6005/products/Bisleygringun.jpg?v=1505679748,1,Bisley poster - Spike & Me,false,,,,,,,,,,,,,,,,https://cdn.shopify.com/s/files/1/2358/6005/products/Bisleygringun.jpg?v=1505679748,lb,,
shm5222,Bisley poster - Lost Angel,18 x 24 inch poster by Simon Bisley.<p>Poster is shipped rolled and shrink wrapped</p>,Heavy Metal,Poster,"onsale, Posters, Simon Bisley, Simon Bisley-Eastman Collection",false,Variant,Default Title,,,,,,0,shopify,0,deny,bandwear-fulfillment,8.96,9.95,true,true,,https://cdn.shopify.com/s/files/1/2358/6005/products/Bizbatsword.jpg?v=1505679746,1,Bisley poster - Lost Angel,false,,,,,,,,,,,,,,,,https://cdn.shopify.com/s/files/1/2358/6005/products/Bizbatsword.jpg?v=1505679746,lb,,
shm5221,Bisley poster - Dead Dawn,18 x 24 inch poster by Simon Bisley.<p>Poster is shipped rolled and shrink wrapped</p>,Heavy Metal,Poster,"onsale, Posters, Simon Bisley, Simon Bisley-Eastman Collection",false,Variant,Default Title,,,,,,0,shopify,0,deny,bandwear-fulfillment,8.96,9.95,true,true,,https://cdn.shopify.com/s/files/1/2358/6005/products/gothart002a.jpg?v=1505679741,1,Bisley poster - Dead Dawn,false,,,,,,,,,,,,,,,,https://cdn.shopify.com/s/files/1/2358/6005/products/gothart002a.jpg?v=1505679741,lb,,
shm5220,Bisley poster - Harvest Moon,18 x 24 inch poster by Simon Bisley.<p>Poster is shipped rolled and shrink wrapped</p>,Heavy Metal,Poster,"onsale, Posters, Simon Bisley, Simon Bisley-Eastman Collection",false,Variant,Default Title,,,,,,0,shopify,0,deny,bandwear-fulfillment,8.96,9.95,true,true,,https://cdn.shopify.com/s/files/1/2358/6005/products/bizjune081.jpg?v=1505679743,1,Bisley poster - Harvest Moon,false,,,,,,,,,,,,,,,,https://cdn.shopify.com/s/files/1/2358/6005/products/bizjune081.jpg?v=1505679743,lb,,
shm5068,Bisley poster - Mermaid Queen,"by Simon Bisley<p>19"" x 24"", full color</p>",Heavy Metal,Poster,"onsale, Posters, Simon Bisley",false,Variant,Default Title,,,,,,0,shopify,0,deny,bandwear-fulfillment,8.96,9.95,true,true,,https://cdn.shopify.com/s/files/1/2358/6005/products/bisleymermaidposter.jpg?v=1505679746,1,Bisley poster - Mermaid Queen,false,,,,,,,,,,,,,,,,https://cdn.shopify.com/s/files/1/2358/6005/products/bisleymermaidposter.jpg?v=1505679746,lb,,
shm5067,Bisley poster - Lost in Space,"by Simon Bisley<p>19"" x 24"" - Full Color - this image is also available as a mouse pad</p>",Heavy Metal,Poster,"onsale, Posters, Simon Bisley, Simon Bisley-Eastman Collection",false,Variant,Default Title,,,,,,0,shopify,0,deny,bandwear-fulfillment,8.96,9.95,true,true,,https://cdn.shopify.com/s/files/1/2358/6005/products/pad.jpg?v=1505679746,1,Bisley poster - Lost in Space,false,,,,,,,,,,,,,,,,https://cdn.shopify.com/s/files/1/2358/6005/products/pad.jpg?v=1505679746,lb,,
shm5066,Bisley poster - Jungle Girl,"19"" x 24"" Limited edition poster - Jungle Fever, aka Maneater<p>Image was the cover of Heavy Metal magazine (November 1994) and appears in The Art of Simon Bisley.</p>",Heavy Metal,Poster,"onsale, Posters, Simon Bisley, Simon Bisley-Eastman Collection",false,Variant,Default Title,,,,,,0,shopify,0,deny,bandwear-fulfillment,8.96,9.95,true,true,,https://cdn.shopify.com/s/files/1/2358/6005/products/bisleyjunglefever.jpg?v=1505679745,1,Bisley poster - Jungle Girl,false,,,,,,,,,,,,,,,,https://cdn.shopify.com/s/files/1/2358/6005/products/bisleyjunglefever.jpg?v=1505679745,lb,,
shm4533,Lorenzo Di Mauro poster - SexBomb,"<p>Sexy Di Mauro poster entitled ""Sex Bomb""18"" x 24""</p>",Heavy Metal,Poster,"Lorenzo Di Mauro, onsale, Posters",false,Variant,Default Title,,,,,,0,shopify,0,deny,bandwear-fulfillment,8.96,9.95,true,true,,https://cdn.shopify.com/s/files/1/2358/6005/products/dimauro_poster02.jpg?v=1505679890,1,Lorenzo Di Mauro poster - SexBomb,false,,,,,,,,,,,,,,,,https://cdn.shopify.com/s/files/1/2358/6005/products/dimauro_poster02.jpg?v=1505679890,lb,,
shm4532,Lorenzo Di Mauro poster - Honey,"Sexy Di Mauro poster titled ""Honey""<p>18"" x 24""</p>",Heavy Metal,Poster,"Lorenzo Di Mauro, onsale, Posters",false,Variant,Default Title,,,,,,0,shopify,0,deny,bandwear-fulfillment,8.96,9.95,true,true,,https://cdn.shopify.com/s/files/1/2358/6005/products/dimauro_poster01.jpg?v=1505679889,1,Lorenzo Di Mauro poster - Honey,false,,,,,,,,,,,,,,,,https://cdn.shopify.com/s/files/1/2358/6005/products/dimauro_poster01.jpg?v=1505679889,lb,,
shm4211,Lorenzo Di Mauro poster - Stacey,"<p>by Lorenzo Di Mauro18"" X 14""</p>",Heavy Metal,Poster,"Lorenzo Di Mauro, onsale, Posters",false,Variant,Default Title,,,,,,0,shopify,0,deny,bandwear-fulfillment,8.96,9.95,true,true,,https://cdn.shopify.com/s/files/1/2358/6005/products/stacy_poster.jpg?v=1505679893,1,Lorenzo Di Mauro poster - Stacey,false,,,,,,,,,,,,,,,,https://cdn.shopify.com/s/files/1/2358/6005/products/stacy_poster.jpg?v=1505679893,lb,,
shm3760,Sperlonga poster - Belvedere,"By Lorenzo Sperlonga<p></p><p align=""center""><strong><font color=""#990000"" size=""4"" face=""Verdana, Arial, Helvetica, sans-serif""><em><p>Also check         out <a href=""/shm/advanced_search_result.php?keywords=Sperlonga+&amp;x=0&amp;y=0"">A COMPLETE LINE UP OF SPERLONGA TITLES</a></p></em></font></strong></p>",Heavy Metal,Poster,"Lorenzo Sperlonga, onsale, Posters",false,Variant,Default Title,,,,,,0,shopify,0,deny,bandwear-fulfillment,8.96,9.95,true,true,,https://cdn.shopify.com/s/files/1/2358/6005/products/belvedere.jpg?v=1505680011,1,Sperlonga poster - Belvedere,false,,,,,,,,,,,,,,,,https://cdn.shopify.com/s/files/1/2358/6005/products/belvedere.jpg?v=1505680011,lb,,
shm3614,Bisley poster - Twin Blades,"<p>by Simon Bisley18"" x 24""</p>",Heavy Metal,Poster,"onsale, Posters, Simon Bisley",false,Variant,Default Title,,,,,,0,shopify,0,deny,bandwear-fulfillment,8.96,9.95,true,true,,https://cdn.shopify.com/s/files/1/2358/6005/products/twinblades.jpg?v=1505679749,1,Bisley poster - Twin Blades,false,,,,,,,,,,,,,,,,https://cdn.shopify.com/s/files/1/2358/6005/products/twinblades.jpg?v=1505679749,lb,,
shm3613,Bisley poster - Guardian of the Gate,"<p>by Simon Bisley18"" x 24""was $9.95</p>",Heavy Metal,Poster,"onsale, Posters, Simon Bisley, Simon Bisley-Eastman Collection",false,Variant,Default Title,,,,,,0,shopify,0,deny,bandwear-fulfillment,8.96,9.95,true,true,,https://cdn.shopify.com/s/files/1/2358/6005/products/guardofthegate.jpg?v=1505679742,1,Bisley poster - Guardian of the Gate,false,,,,,,,,,,,,,,,,https://cdn.shopify.com/s/files/1/2358/6005/products/guardofthegate.jpg?v=1505679742,lb,,
shm3612,Bisley poster - Goddess of War,"<p>by Simon Bisley18"" x 24"" full-colorwas $19.95artwork is featured on Heavy Metal gift cards and appears in The Art of Simon Bisley</p>",Heavy Metal,Poster,"onsale, Posters, Simon Bisley, Simon Bisley-Eastman Collection",false,Variant,Default Title,,,,,,0,shopify,0,deny,bandwear-fulfillment,8.96,9.95,true,true,,https://cdn.shopify.com/s/files/1/2358/6005/products/goddessofwar.jpg?v=1505679742,1,Bisley poster - Goddess of War,false,,,,,,,,,,,,,,,,https://cdn.shopify.com/s/files/1/2358/6005/products/goddessofwar.jpg?v=1505679742,lb,,
shm3611,Bisley poster - Blood Lust,"by Simon Bisley<br>18"" x 24"" full-color",Heavy Metal,Poster,"onsale, Posters, Simon Bisley, Simon Bisley-Eastman Collection",false,Variant,Default Title,,,,,,0,shopify,0,deny,bandwear-fulfillment,8.96,9.95,true,true,,https://cdn.shopify.com/s/files/1/2358/6005/products/bloodlust.jpg?v=1505679739,1,Bisley poster - Blood Lust,false,,,,,,,,,,,,,,,,https://cdn.shopify.com/s/files/1/2358/6005/products/bloodlust.jpg?v=1505679739,lb,,
shm3555,Giorello poster - Reaper Princess,"by Tomas Giorello <br>18"" x 24""<p>Tom_s Giorello is an artist from Buenos Aires, who works for the US comic book market. He has created  cover and interior art for  both Dark Horse &amp; Heavy Metal - this work is the cover of the Diabolic Spring 2002 issue.</p><p align=""center""><strong><font color=""#990000"" size=""4"" face=""Verdana, Arial, Helvetica, sans-serif""><em><p>Also Check         out <a href=""/shm/product_info.php?products_id=3493"">2002 Spring</a></p></em></font></strong></p>",Heavy Metal,Poster,"Giorello, onsale, Posters",false,Variant,Default Title,,,,,,0,shopify,0,deny,bandwear-fulfillment,8.96,9.95,true,true,,https://cdn.shopify.com/s/files/1/2358/6005/products/tomasgiorello.jpg?v=1505679820,1,Giorello poster - Reaper Princess,false,,,,,,,,,,,,,,,,https://cdn.shopify.com/s/files/1/2358/6005/products/tomasgiorello.jpg?v=1505679820,lb,,
shm3554,Sperlonga poster - Barb Wire,"by Lorenzo Sperlonga<p></p><p align=""center""><strong><font color=""#990000"" size=""4"" face=""Verdana, Arial, Helvetica, sans-serif""><em><p>Also check         out <a href=""/shm/advanced_search_result.php?keywords=Sperlonga+&amp;x=0&amp;y=0"">A COMPLETE LINE UP OF SPERLONGA TITLES</a></p></em></font></strong></p>",Heavy Metal,Poster,"Lorenzo Sperlonga, onsale, Posters",false,Variant,Default Title,,,,,,0,shopify,0,deny,bandwear-fulfillment,8.96,9.95,true,true,,https://cdn.shopify.com/s/files/1/2358/6005/products/lorenzosperlonga.jpg?v=1505680011,1,Sperlonga poster - Barb Wire,false,,,,,,,,,,,,,,,,https://cdn.shopify.com/s/files/1/2358/6005/products/lorenzosperlonga.jpg?v=1505680011,lb,,
shm3553,Sire poster - Biker Chick,"by Denis Sire<p>24"" x 18""</p><p>Denis Sire made his comic debut in M_tal Hurlant and has continued his career with Heavy Metal.   For this Metal Hurlant, he  created amongst others 'Menace diabolique', 'Bois Willys', '6 T M_lodie' and 'Lisa Bay'.   In 1987, he created the  'Best of Racing', an album that appeared at Art Moderne.   After some appearances in Zoulou and l'_cho des Savanes he created 'Ziblyne et Bettie'.   In 1997, he worked with Jean-Pierre Dionnet on 'l'_le des Amazones', again in L'_cho des Savanes.</p><p>Also check out the <a href=""product_info.php?cPath=39&amp;products_id=4290"">Art of Denis Sire</a></p>",Heavy Metal,Poster,"Denis Sire, onsale, Posters",false,Variant,Default Title,,,,,,0,shopify,0,deny,bandwear-fulfillment,8.96,9.95,true,true,,https://cdn.shopify.com/s/files/1/2358/6005/products/denissire.jpg?v=1505680010,1,Sire poster - Biker Chick,false,,,,,,,,,,,,,,,,https://cdn.shopify.com/s/files/1/2358/6005/products/denissire.jpg?v=1505680010,lb,,
shm3552,Horley poster - Cop Girl,"by Alex Horley<p>18"" x 24""</p><p>Alex Horley_s artistic talent knows no boundaries.  He has a solid foundation in traditional art with a superior eye for light, color, camera placement and composition.  He is well known for his diverse visual range in regards to concept design, exceptional human and creature anatomy, ability to depict action and strong story and sequence development.  His distinctive compelling imagery leaps from the page and has earned him the reputation of one of today_s top creative visionaries who is finding an ever-expanding audience through his work in heavy metal as well as other venues.</p><p></p><p align=""center""><strong><font color=""#990000"" size=""4"" face=""Verdana, Arial, Helvetica, sans-serif""><em><p>Also Check         out  <a href=""product_info.php?cPath=39&amp;products_id=3346"">Angel Wings</a></p></em></font></strong></p>",Heavy Metal,Poster,"Alex Horley, onsale, Posters",false,Variant,Default Title,,,,,,0,shopify,0,deny,bandwear-fulfillment,8.96,9.95,true,true,,https://cdn.shopify.com/s/files/1/2358/6005/products/alexhorley.jpg?v=1505679838,1,Horley poster - Cop Girl,false,,,,,,,,,,,,,,,,https://cdn.shopify.com/s/files/1/2358/6005/products/alexhorley.jpg?v=1505679838,lb,,
shm3543,Bisley poster - Satan\'s Mistress,"<p>by Simon Bisley19"" x 24"" - Full Color</p>",Heavy Metal,Poster,"onsale, Posters, Simon Bisley",false,Variant,Default Title,,,,,,0,shopify,0,deny,bandwear-fulfillment,8.96,9.95,true,true,,https://cdn.shopify.com/s/files/1/2358/6005/products/bizsatanmiss.jpg?v=1505679748,1,Bisley poster - Satan's Mistress,false,,,,,,,,,,,,,,,,https://cdn.shopify.com/s/files/1/2358/6005/products/bizsatanmiss.jpg?v=1505679748,lb,,
shm3541,Bisley poster - Ring Warriors,"by Simon Bisley<br><br>19"" x 24"" - Full Color",Heavy Metal,Poster,"onsale, Posters, Simon Bisley",false,Variant,Default Title,,,,,,0,shopify,0,deny,bandwear-fulfillment,8.96,9.95,true,true,,https://cdn.shopify.com/s/files/1/2358/6005/products/bizring.jpg?v=1505679747,1,Bisley poster - Ring Warriors,false,,,,,,,,,,,,,,,,https://cdn.shopify.com/s/files/1/2358/6005/products/bizring.jpg?v=1505679747,lb,,
shm3346,Horley poster - Angel Wings,"Angel Wings by Alex Horley<p>This stellar image featuring model Stacy E. Walker graced the cover of the September 2001 magazine</p><p>by Alex Horley18"" x 24""Alex Horley_s artistic talent knows no boundaries. He has a solid foundation in traditional art with a superior eye for light, color, camera placement and composition. He is well known for his diverse visual range in regards to concept design, exceptional human and creature anatomy, ability to depict action and strong story and sequence development. His distinctive compelling imagery leaps from the page and has earned him the reputation of one of today_s top creative visionaries who is finding an ever-expanding audience through his work in Heavy Metal as well as other venues.</p><p></p><p align=""center""><strong><font color=""#990000"" size=""4"" face=""Verdana, Arial, Helvetica, sans-serif""><em><p>Also Check         out <a href=""product_info.php?cPath=39&amp;products_id=3552"">Cop Girl</a></p></em></font></strong></p>",Heavy Metal,Poster,"Horley, onsale, Posters",false,Variant,Default Title,,,,,,0,shopify,0,deny,bandwear-fulfillment,8.96,9.95,true,true,,https://cdn.shopify.com/s/files/1/2358/6005/products/hmsep01.jpg?v=1505679837,1,Horley poster - Angel Wings,false,,,,,,,,,,,,,,,,https://cdn.shopify.com/s/files/1/2358/6005/products/hmsep01.jpg?v=1505679837,lb,,
shm3184,Bisley poster - Joan of Arc,"<p>by Simon Bisley18"" x 24""Image appeared as the cover of Heavy Metal magazine (March 2001).  Artwork is alternately called Saint Julie or Joan of Arc.  The image is also used in Julie Strains Greatest Hits</p>",Heavy Metal,Poster,"onsale, Posters, Simon Bisley, Simon Bisley-Eastman Collection",false,Variant,Default Title,,,,,,0,shopify,0,deny,bandwear-fulfillment,8.96,9.95,true,true,,https://cdn.shopify.com/s/files/1/2358/6005/products/JoanofArc.jpg?v=1505679744,1,Bisley poster - Joan of Arc,false,,,,,,,,,,,,,,,,https://cdn.shopify.com/s/files/1/2358/6005/products/JoanofArc.jpg?v=1505679744,lb,,
shm3183,Bisley poster - Gladiator,"<p>by Simon Bisley18"" x 24""</p>",Heavy Metal,Poster,"onsale, Posters, Simon Bisley, Simon Bisley-Eastman Collection",false,Variant,Default Title,,,,,,0,shopify,0,deny,bandwear-fulfillment,8.96,9.95,true,true,,https://cdn.shopify.com/s/files/1/2358/6005/products/gladiator.jpg?v=1505679741,1,Bisley poster - Gladiator,false,,,,,,,,,,,,,,,,https://cdn.shopify.com/s/files/1/2358/6005/products/gladiator.jpg?v=1505679741,lb,,
shm3182,Bisley poster - Fistful of Blood,"Eastman &amp; Bisley - 18"" x 24""<p>- ""A mysterious woman wanders into an abandoned ghost town deep in the Badlands of the American Southwest. She soon finds herself in a violent war between high flying Asian Vampires and flesh eating Cowboy Zombies as they battle for the right to feed in the land of the living. Our femme fatal gunfighter is forced to put her deadly guns to use in an all out effort to survive an action packed battle between two of the deadliest evil forces on Earth.""</p>",Heavy Metal,Poster,"onsale, Posters, Simon Bisley, Simon Bisley-Eastman Collection",false,Variant,Default Title,,,,,,0,shopify,0,deny,bandwear-fulfillment,8.96,9.95,true,true,,https://cdn.shopify.com/s/files/1/2358/6005/products/fistfulposter.jpg?v=1505679741,1,Bisley poster - Fistful of Blood,false,,,,,,,,,,,,,,,,https://cdn.shopify.com/s/files/1/2358/6005/products/fistfulposter.jpg?v=1505679741,lb,,
shm3181,Bisley poster - Coldwater,"<p>by Simon Bisley18"" x 24""</p>",Heavy Metal,Poster,"onsale, Posters, Simon Bisley, Simon Bisley-Eastman Collection",false,Variant,Default Title,,,,,,0,shopify,0,deny,bandwear-fulfillment,8.96,9.95,true,true,,https://cdn.shopify.com/s/files/1/2358/6005/products/Coldwater.jpg?v=1505679739,1,Bisley poster - Coldwater,false,,,,,,,,,,,,,,,,https://cdn.shopify.com/s/files/1/2358/6005/products/Coldwater.jpg?v=1505679739,lb,,
shm3044,Bisley poster - Monstrosity and Creature,<p>Bisley: Monstrosity and Creature</p>,Heavy Metal,Poster,"onsale, Posters, Simon Bisley",false,Variant,Default Title,,,,,,0,shopify,0,deny,bandwear-fulfillment,8.96,9.95,true,true,,https://cdn.shopify.com/s/files/1/2358/6005/products/monstrosity_and_creature.jpg?v=1505679747,1,Bisley poster - Monstrosity and Creature,false,,,,,,,,,,,,,,,,https://cdn.shopify.com/s/files/1/2358/6005/products/monstrosity_and_creature.jpg?v=1505679747,lb,,
shm3037,Bisley poster - Snow Leopard,Bisley: Snow Leopard<br>Gorgeous July 2000 cover of Heavy Metal Magazine,Heavy Metal,Poster,"onsale, Posters, Simon Bisley",false,Variant,Default Title,,,,,,0,shopify,0,deny,bandwear-fulfillment,8.96,9.95,true,true,,https://cdn.shopify.com/s/files/1/2358/6005/products/snowleopard.jpg?v=1505679748,1,Bisley poster - Snow Leopard,false,,,,,,,,,,,,,,,,https://cdn.shopify.com/s/files/1/2358/6005/products/snowleopard.jpg?v=1505679748,lb,,
shm3035,Royo poster - Under the Blue,"19"" x 24"" Limited edition<p> Under the Blue</p><p>Luis Royo is amongst our most popular talents.  </p><p align=""center""><strong><font color=""#990000"" size=""4"" face=""Verdana, Arial, Helvetica, sans-serif""><em><p>Also check         out <a href=""/shm/advanced_search_result.php?keywords=Royo&amp;x=0&amp;y=0"">THE Complete ROYO lineup here</a></p></em></font></strong></p>",Heavy Metal,Poster,"Luis Royo, onsale, Posters",false,Variant,Default Title,,,,,,0,shopify,0,deny,bandwear-fulfillment,8.96,9.95,true,true,,https://cdn.shopify.com/s/files/1/2358/6005/products/royoundertheblue.jpg?v=1505679957,1,Royo poster - Under the Blue,false,,,,,,,,,,,,,,,,https://cdn.shopify.com/s/files/1/2358/6005/products/royoundertheblue.jpg?v=1505679957,lb,,
shm3034,Royo poster - Bisectrix,"<p>19"" x 24"" Limited edition.</p>",Heavy Metal,Poster,"Luis Royo, onsale, Posters",false,Variant,Default Title,,,,,,0,shopify,0,deny,bandwear-fulfillment,8.96,9.95,true,true,,https://cdn.shopify.com/s/files/1/2358/6005/products/roypbisectrix.jpg?v=1505679955,1,Royo poster - Bisectrix,false,,,,,,,,,,,,,,,,https://cdn.shopify.com/s/files/1/2358/6005/products/roypbisectrix.jpg?v=1505679955,lb,,
shm3033,Royo poster - Chick on Bike,"<p>19"" x 24"" Limited edition.</p>",Heavy Metal,Poster,"Luis Royo, onsale, Posters",false,Variant,Default Title,,,,,,0,shopify,0,deny,bandwear-fulfillment,8.96,9.95,true,true,,https://cdn.shopify.com/s/files/1/2358/6005/products/luisroyo14.gif?v=1505679956,1,Royo poster - Chick on Bike,false,,,,,,,,,,,,,,,,https://cdn.shopify.com/s/files/1/2358/6005/products/luisroyo14.gif?v=1505679956,lb,,
shm3031,Royo poster - Volcano and Girl,"<p>19"" x 24"" Limited edition</p>",Heavy Metal,Poster,"Luis Royo, onsale, Posters",false,Variant,Default Title,,,,,,0,shopify,0,deny,bandwear-fulfillment,8.96,9.95,true,true,,https://cdn.shopify.com/s/files/1/2358/6005/products/luisroyo3.gif?v=1505679979,1,Royo poster - Volcano and Girl,false,,,,,,,,,,,,,,,,https://cdn.shopify.com/s/files/1/2358/6005/products/luisroyo3.gif?v=1505679979,lb,,
shm3024,Alfonso Azpiri poster,"19"" x 24"" Limited edition of 500<p>Alfonso Azpiri Mejia, born in Madrid, is a specialist in the fantastic erotic comic genre. He began his career in the early 1970s in the magazine Trinca, including the stories 'Do Fugitivos en Malasia'. He was also presented in Cimoc with 'Zephyd' and 'Lorna y su Robot', in 1984 with 'Pesadillas' and in Comix Internacional with 'El Comic Vivo'.He created several books about horror, sex and nudity, which were aimed at the Italian market, including 'Terror Blu', 'Il Vampiro', and 'I Notturni'. His best known characters is 'Lorna', a Barbarella-like heroin, and the martial arts detective Chang, whose adventures first appeared in several French magazines. </p><p>Heavy Metal publishes the complete Lorna lineup in English.</p><p align=""center""><strong><font color=""#990000"" size=""4"" face=""Verdana, Arial, Helvetica, sans-serif""><em><p>Check         out the <a href=""/shm/advanced_search_result.php?keywords=Azpiri&amp;x=0&amp;y=0"">COMPLETE AZPIRI LINE</a></p></em></font></strong></p>",Heavy Metal,Poster,"Alfonso Azpiri, onsale, Posters",false,Variant,Default Title,,,,,,0,shopify,0,deny,bandwear-fulfillment,8.96,9.95,true,true,,https://cdn.shopify.com/s/files/1/2358/6005/products/axpirilornaposter.jpg?v=1505679711,1,Alfonso Azpiri poster,false,,,,,,,,,,,,,,,,https://cdn.shopify.com/s/files/1/2358/6005/products/axpirilornaposter.jpg?v=1505679711,lb,,
shm3023,Milo Manara poster,"19"" x 24"" Limited edition of 500<p>Also check         out <a href=""/shm/advanced_search_result.php?keywords=Manara&amp;x=0&amp;y=0"">A COMPLETE LINE UP OF MANARA TITLES</a></p>",Heavy Metal,Poster,"Milo Manara, onsale, Posters",false,Variant,Default Title,,,,,,0,shopify,0,deny,bandwear-fulfillment,8.96,9.95,true,true,,https://cdn.shopify.com/s/files/1/2358/6005/products/milomanara22.gif?v=1505679915,1,Milo Manara poster,false,,,,,,,,,,,,,,,,https://cdn.shopify.com/s/files/1/2358/6005/products/milomanara22.gif?v=1505679915,lb,,
shm3022,Horatio Altuna poster,"<p>19"" x 24"" Limited edition of 500</p>",Heavy Metal,Poster,"Horatio Altuna, onsale, Posters",false,Variant,Default Title,,,,,,0,shopify,0,deny,bandwear-fulfillment,8.96,9.95,true,true,,https://cdn.shopify.com/s/files/1/2358/6005/products/horatioaltuna21.jpg?v=1505679836,1,Horatio Altuna poster,false,,,,,,,,,,,,,,,,https://cdn.shopify.com/s/files/1/2358/6005/products/horatioaltuna21.jpg?v=1505679836,lb,,
shm3017,Serpieri poster - Druuna,"19""x24""  Limited edition.<p></p><p align=""center""><strong><font color=""#990000"" size=""4"" face=""Verdana, Arial, Helvetica, sans-serif""><em><p>Also check         out <a href=""/shm/advanced_search_result.php?keywords=Serpieri&amp;x=0&amp;y=0%20"">A COMPLETE LINE UP OF SERPIERI TITLES</a></p></em></font></strong></p>",Heavy Metal,Poster,"onsale, Pelaez, Posters, Serpieri, Serpieri Druuna Library",false,Variant,Default Title,,,,,,0,shopify,0,deny,bandwear-fulfillment,8.96,9.95,true,true,,https://cdn.shopify.com/s/files/1/2358/6005/products/serpieri10a.gif?v=1505679989,1,Serpieri poster - Druuna,false,,,,,,,,,,,,,,,,https://cdn.shopify.com/s/files/1/2358/6005/products/serpieri10a.gif?v=1505679989,lb,,
shm3016,Serpieri poster - Profile,"19"" x 24""  Limited edition.<p></p><p align=""center""><strong><font color=""#990000"" size=""4"" face=""Verdana, Arial, Helvetica, sans-serif""><em><p>Also check         out <a href=""/shm/advanced_search_result.php?keywords=Serpieri&amp;x=0&amp;y=0%20"">A COMPLETE LINE UP OF SERPIERI TITLES</a></p></em></font></strong></p>",Heavy Metal,Poster,"onsale, Pelaez, Posters, Serpieri, Serpieri Druuna Library",false,Variant,Default Title,,,,,,0,shopify,0,deny,bandwear-fulfillment,8.96,9.95,true,true,,https://cdn.shopify.com/s/files/1/2358/6005/products/serpieri17.gif?v=1505679999,1,Serpieri poster - Profile,false,,,,,,,,,,,,,,,,https://cdn.shopify.com/s/files/1/2358/6005/products/serpieri17.gif?v=1505679999,lb,,
shm3014,Pelaez poster,"<p>19"" x 24"" Limited edition.</p>",Heavy Metal,Poster,"onsale, Pelaez, Posters",false,Variant,Default Title,,,,,,0,shopify,0,deny,bandwear-fulfillment,8.96,9.95,true,true,,https://cdn.shopify.com/s/files/1/2358/6005/products/pelaez9.gif?v=1505679917,1,Pelaez poster,false,,,,,,,,,,,,,,,,https://cdn.shopify.com/s/files/1/2358/6005/products/pelaez9.gif?v=1505679917,lb,,
shm3013,Ovi Hondru poster,"19""x24"" Limited edition.<p>Cover of the January 1990 issue</p>",Heavy Metal,Poster,"onsale, Ovi Hondru, Posters",false,Variant,Default Title,,,,,,0,shopify,0,deny,bandwear-fulfillment,8.96,9.95,true,true,,https://cdn.shopify.com/s/files/1/2358/6005/products/ovihondru1.gif?v=1505679916,1,Ovi Hondru poster,false,,,,,,,,,,,,,,,,https://cdn.shopify.com/s/files/1/2358/6005/products/ovihondru1.gif?v=1505679916,lb,,
shm3012,Wayne Duford poster - September 1989,"19""x 24"" Limited edition<p>Cover of the September 1989 issue</p>",Heavy Metal,Poster,"onsale, Posters, Wayne Duford",false,Variant,Default Title,,,,,,0,shopify,0,deny,bandwear-fulfillment,8.96,9.95,true,true,,https://cdn.shopify.com/s/files/1/2358/6005/products/noimage_a416086c-c449-4ee7-a923-fc262d032a3c.gif?v=1505680058,1,Wayne Duford poster - September 1989,false,,,,,,,,,,,,,,,,https://cdn.shopify.com/s/files/1/2358/6005/products/wayneduford5.gif?v=1505680058,lb,,
shm3012,,,,,,,,,,,,,,,,,,,,,,,,https://cdn.shopify.com/s/files/1/2358/6005/products/wayneduford5.gif?v=1505680058,2,,,,,,,,,,,,,,,,,,,,,
shm3011,Wayne Duford poster - January 1991,"19"" x 24"" Limited edition<p></p><p></p><p align=""center""><strong><font color=""#990000"" size=""4"" face=""Verdana, Arial, Helvetica, sans-serif""><em><p>Also Check         out <a href=""/shm/product_info.php?products_id=3110"">January 1991 magazine</a></p></em></font></strong></p>",Heavy Metal,Poster,"onsale, Posters, Wayne Duford",false,Variant,Default Title,,,,,,0,shopify,0,deny,bandwear-fulfillment,8.96,9.95,true,true,,https://cdn.shopify.com/s/files/1/2358/6005/products/wayneduford2.gif?v=1505680054,1,Wayne Duford poster - January 1991,false,,,,,,,,,,,,,,,,https://cdn.shopify.com/s/files/1/2358/6005/products/wayneduford2.gif?v=1505680054,lb,,
shm3008,Chichoni poster,"19"" x 24"" Limited edition<p></p><p align=""center""><strong><font color=""#990000"" size=""4"" face=""Verdana, Arial, Helvetica, sans-serif""><em><p>Check         out the <a href=""/shm/advanced_search_result.php?keywords=Chichoni&amp;x=0&amp;y=0"">COMPLETE LINE OF CHICHONI STUFF!!</a></p></em></font></strong></p>",Heavy Metal,Poster,"Chichoni, onsale, Posters",false,Variant,Default Title,,,,,,0,shopify,0,deny,bandwear-fulfillment,8.96,9.95,true,true,,https://cdn.shopify.com/s/files/1/2358/6005/products/Oscar_Chichoni_4.jpg?v=1505679786,1,Chichoni poster,false,,,,,,,,,,,,,,,,https://cdn.shopify.com/s/files/1/2358/6005/products/Oscar_Chichoni_4.jpg?v=1505679786,lb,,
shm3006,Julie Bell poster - Kats Pet,"19""x 24"" Limited edition - ""Kats Pet""<p>Julie Bell: Her first published cover for Heavy Metal magazine broke ground for other illustrators with the introduction of her now legendary Metal Flesh.  Her hyper-realistic style is known for its sexy, powerful images of warriors and amazons and a sensitive, exquisite use of color and texture.</p>",Heavy Metal,Poster,"onsale, Posters",false,Variant,Default Title,,,,,,0,shopify,0,deny,bandwear-fulfillment,8.96,9.95,true,true,,https://cdn.shopify.com/s/files/1/2358/6005/products/JKatspet.jpg?v=1505679872,1,Julie Bell poster - Kats Pet,false,,,,,,,,,,,,,,,,https://cdn.shopify.com/s/files/1/2358/6005/products/JKatspet.jpg?v=1505679872,lb,,
shm3005,Julie Bell poster - She Came By Sea,"19"" x 24"" limited edition poster<p>Julie Bell's bright and beautiful initial tour of the land of Heavy Metal covers began with this image - the January 1992 cover.  She came by sea!!</p><p>Julie Bell: Her first published cover for Heavy Metal magazine broke ground for other illustrators with the introduction of her now legendary Metal Flesh. Her hyper-realistic style is known for its sexy, powerful images of warriors and amazons and a sensitive, exquisite use of color and texture.</p><p>Check         out the <a href=""http://www.heavymetal.com/index.php?catcont=search&amp;searchrecords=Julie%20Bell"">Complete history of Julie Bell in Heavy Metal</a></p>",Heavy Metal,Poster,"onsale, Posters",false,Variant,Default Title,,,,,,0,shopify,0,deny,bandwear-fulfillment,8.96,9.95,true,true,,https://cdn.shopify.com/s/files/1/2358/6005/products/Jshecamebysea.jpg?v=1505679889,1,Julie Bell poster - She Came By Sea,false,,,,,,,,,,,,,,,,https://cdn.shopify.com/s/files/1/2358/6005/products/Jshecamebysea.jpg?v=1505679889,lb,,
shm3001,FAKK2 Movie Poster,<p>Exclusive FAKK2 Movie Poster</p>,Heavy Metal,Poster,"Bisley-Eastman Collection, onsale, Posters",false,Variant,Default Title,,,,,,0,shopify,0,deny,bandwear-fulfillment,8.96,9.95,true,true,,https://cdn.shopify.com/s/files/1/2358/6005/products/fakk2movieposter.jpg?v=1505679816,1,FAKK2 Movie Poster,false,,,,,,,,,,,,,,,,https://cdn.shopify.com/s/files/1/2358/6005/products/fakk2movieposter.jpg?v=1505679816,lb,,
